Postnummer;Poststed;Kommunenummer
0001;OSLO;0301
0010;OSLO;0301
0015;OSLO;0301
0018;OSLO;0301
0021;OSLO;0301
0024;OSLO;0301
0025;OSLO;0301
0026;OSLO;0301
0027;Oslo ;0301
0028;OSLO;0301
0030;OSLO;0301
0031;OSLO;0301
0032;OSLO;0301
0033;OSLO;0301
0034;OSLO;0301
0037;OSLO;0301
0040;OSLO;0301
0045;OSLO;0301
0046;OSLO;0301
0047;OSLO;0301
0048;OSLO;0301
0050;OSLO;0301
0051;OSLO;0301
0055;OSLO;0301
0060;OSLO;0301
0100;Oslo ;0301
0101;OSLO;0301
0102;OSLO;0301
0103;OSLO;0301
0104;OSLO;0301
0105;OSLO;0301
0106;OSLO;0301
0107;OSLO;0301
0109;OSLO;0301
0110;OSLO;0301
0111;OSLO;0301
0112;OSLO;0301
0113;OSLO;0301
0114;OSLO;0301
0115;OSLO;0301
0116;OSLO;0301
0117;OSLO;0301
0118;OSLO;0301
0119;OSLO;0301
0120;OSLO;0301
0121;OSLO;0301
0122;OSLO;0301
0123;OSLO;0301
0124;OSLO;0301
0125;OSLO;0301
0128;OSLO;0301
0129;OSLO;0301
0130;OSLO;0301
0131;OSLO;0301
0132;OSLO;0301
0133;OSLO;0301
0134;OSLO;0301
0135;OSLO;0301
0136;OSLO;0301
0138;OSLO;0301
0139;OSLO;0301
0150;OSLO;0301
0151;OSLO;0301
0152;OSLO;0301
0153;OSLO;0301
0154;OSLO;0301
0155;OSLO;0301
0157;OSLO;0301
0158;OSLO;0301
0159;OSLO;0301
0160;OSLO;0301
0161;OSLO;0301
0162;OSLO;0301
0164;OSLO;0301
0165;OSLO;0301
0166;OSLO;0301
0167;OSLO;0301
0168;OSLO;0301
0169;OSLO;0301
0170;OSLO;0301
0171;OSLO;0301
0172;OSLO;0301
0173;OSLO;0301
0174;OSLO;0301
0175;OSLO;0301
0176;OSLO;0301
0177;OSLO;0301
0178;OSLO;0301
0179;OSLO;0301
0180;OSLO;0301
0181;OSLO;0301
0182;OSLO;0301
0183;OSLO;0301
0184;OSLO;0301
0185;OSLO;0301
0186;OSLO;0301
0187;OSLO;0301
0188;OSLO;0301
0190;OSLO;0301
0191;OSLO;0301
0192;OSLO;0301
0193;OSLO;0301
0194;OSLO;0301
0195;OSLO;0301
0196;OSLO;0301
0198;OSLO;0301
0200;Oslo ;0301
0201;OSLO;0301
0202;OSLO;0301
0203;OSLO;0301
0204;OSLO;0301
0206;Oslo ;0301
0207;OSLO;0301
0208;OSLO;0301
0211;OSLO;0301
0212;OSLO;0301
0213;OSLO;0301
0214;OSLO;0301
0215;OSLO;0301
0216;OSLO;0301
0217;OSLO;0301
0218;OSLO;0301
0230;OSLO;0301
0240;OSLO;0301
0244;OSLO;0301
0247;OSLO;0301
0250;OSLO;0301
0251;OSLO;0301
0252;OSLO;0301
0253;OSLO;0301
0254;OSLO;0301
0255;OSLO;0301
0256;OSLO;0301
0257;OSLO;0301
0258;OSLO;0301
0259;OSLO;0301
0260;OSLO;0301
0262;OSLO;0301
0263;OSLO;0301
0264;OSLO;0301
0265;OSLO;0301
0266;OSLO;0301
0267;OSLO;0301
0268;OSLO;0301
0270;OSLO;0301
0271;OSLO;0301
0272;OSLO;0301
0273;OSLO;0301
0274;OSLO;0301
0275;OSLO;0301
0276;OSLO;0301
0277;OSLO;0301
0278;OSLO;0301
0279;OSLO;0301
0280;OSLO;0301
0281;OSLO;0301
0282;OSLO;0301
0283;OSLO;0301
0284;OSLO;0301
0286;OSLO;0301
0287;OSLO;0301
0300;Oslo ;0301
0301;OSLO;0301
0302;OSLO;0301
0303;OSLO;0301
0304;OSLO;0301
0305;OSLO;0301
0306;OSLO;0301
0307;OSLO;0301
0308;OSLO;0301
0309;OSLO;0301
0310;Oslo ;0301
0311;OSLO;0301
0313;OSLO;0301
0314;OSLO;0301
0315;OSLO;0301
0316;OSLO;0301
0317;OSLO;0301
0318;OSLO;0301
0319;OSLO;0301
0323;OSLO;0301
0330;OSLO;0301
0340;OSLO;0301
0349;OSLO;0301
0350;OSLO;0301
0351;OSLO;0301
0352;OSLO;0301
0353;OSLO;0301
0354;OSLO;0301
0355;OSLO;0301
0356;OSLO;0301
0357;OSLO;0301
0358;OSLO;0301
0359;OSLO;0301
0360;OSLO;0301
0361;OSLO;0301
0362;OSLO;0301
0363;OSLO;0301
0364;OSLO;0301
0365;OSLO;0301
0366;OSLO;0301
0367;OSLO;0301
0368;OSLO;0301
0369;OSLO;0301
0370;OSLO;0301
0371;OSLO;0301
0372;OSLO;0301
0373;OSLO;0301
0374;OSLO;0301
0375;OSLO;0301
0376;OSLO;0301
0377;OSLO;0301
0378;OSLO;0301
0379;OSLO;0301
0380;OSLO;0301
0381;OSLO;0301
0382;OSLO;0301
0383;OSLO;0301
0384;Oslo ;0301
0385;Oslo ;0301
0389;Oslo ;0301
0390;Oslo ;0301
0393;Oslo ;0301
0400;Oslo ;0301
0401;OSLO;0301
0402;OSLO;0301
0403;OSLO;0301
0404;OSLO;0301
0405;OSLO;0301
0406;OSLO;0301
0408;OSLO;0301
0409;OSLO;0301
0410;OSLO;0301
0411;OSLO;0301
0412;OSLO;0301
0413;OSLO;0301
0415;OSLO;0301
0421;OSLO;0301
0422;OSLO;0301
0423;OSLO;0301
0424;OSLO;0301
0437;Oslo ;0301
0440;OSLO;0301
0441;OSLO;0301
0442;OSLO;0301
0445;OSLO;0301
0450;OSLO;0301
0451;OSLO;0301
0452;OSLO;0301
0454;OSLO;0301
0455;OSLO;0301
0456;OSLO;0301
0457;OSLO;0301
0458;OSLO;0301
0459;OSLO;0301
0460;OSLO;0301
0461;OSLO;0301
0462;OSLO;0301
0463;OSLO;0301
0464;OSLO;0301
0465;OSLO;0301
0467;OSLO;0301
0468;OSLO;0301
0469;OSLO;0301
0470;OSLO;0301
0472;OSLO;0301
0473;OSLO;0301
0474;OSLO;0301
0475;OSLO;0301
0476;OSLO;0301
0477;OSLO;0301
0478;OSLO;0301
0479;OSLO;0301
0480;OSLO;0301
0481;OSLO;0301
0482;OSLO;0301
0483;OSLO;0301
0484;OSLO;0301
0485;OSLO;0301
0486;OSLO;0301
0487;OSLO;0301
0488;OSLO;0301
0489;OSLO;0301
0490;OSLO;0301
0491;OSLO;0301
0492;OSLO;0301
0493;OSLO;0301
0494;OSLO;0301
0495;OSLO;0301
0496;OSLO;0301
0500;Oslo ;0301
0501;OSLO;0301
0502;OSLO;0301
0503;OSLO;0301
0504;OSLO;0301
0505;OSLO;0301
0506;OSLO;0301
0507;OSLO;0301
0508;OSLO;0301
0509;OSLO;0301
0510;OSLO;0301
0511;OSLO;0301
0512;OSLO;0301
0513;OSLO;0301
0515;OSLO;0301
0516;OSLO;0301
0517;OSLO;0301
0518;OSLO;0301
0520;OSLO;0301
0540;OSLO;0301
0550;OSLO;0301
0551;OSLO;0301
0552;OSLO;0301
0553;OSLO;0301
0554;OSLO;0301
0555;OSLO;0301
0556;OSLO;0301
0557;OSLO;0301
0558;OSLO;0301
0559;OSLO;0301
0560;OSLO;0301
0561;OSLO;0301
0562;OSLO;0301
0563;OSLO;0301
0564;OSLO;0301
0565;OSLO;0301
0566;OSLO;0301
0567;OSLO;0301
0568;OSLO;0301
0569;OSLO;0301
0570;OSLO;0301
0571;OSLO;0301
0572;OSLO;0301
0573;OSLO;0301
0574;OSLO;0301
0575;OSLO;0301
0576;OSLO;0301
0577;OSLO;0301
0578;OSLO;0301
0579;OSLO;0301
0580;OSLO;0301
0581;OSLO;0301
0582;OSLO;0301
0583;OSLO;0301
0584;OSLO;0301
0585;OSLO;0301
0586;OSLO;0301
0587;OSLO;0301
0588;OSLO;0301
0589;OSLO;0301
0590;OSLO;0301
0591;OSLO;0301
0592;OSLO;0301
0593;OSLO;0301
0594;OSLO;0301
0595;OSLO;0301
0596;OSLO;0301
0597;OSLO;0301
0598;OSLO;0301
0600;Oslo ;0301
0601;OSLO;0301
0602;OSLO;0301
0603;OSLO;0301
0604;OSLO;0301
0605;OSLO;0301
0606;OSLO;0301
0607;OSLO;0301
0608;OSLO;0301
0609;OSLO;0301
0611;OSLO;0301
0612;OSLO;0301
0613;OSLO;0301
0614;OSLO;0301
0615;OSLO;0301
0616;OSLO;0301
0617;OSLO;0301
0618;OSLO;0301
0619;OSLO;0301
0620;OSLO;0301
0621;OSLO;0301
0622;OSLO;0301
0623;OSLO;0301
0624;OSLO;0301
0626;OSLO;0301
0650;OSLO;0301
0651;OSLO;0301
0652;OSLO;0301
0653;OSLO;0301
0654;OSLO;0301
0655;OSLO;0301
0656;OSLO;0301
0657;OSLO;0301
0658;OSLO;0301
0659;OSLO;0301
0660;OSLO;0301
0661;OSLO;0301
0662;OSLO;0301
0663;OSLO;0301
0664;OSLO;0301
0665;OSLO;0301
0666;OSLO;0301
0667;OSLO;0301
0668;OSLO;0301
0669;OSLO;0301
0670;OSLO;0301
0671;OSLO;0301
0672;OSLO;0301
0673;OSLO;0301
0674;OSLO;0301
0675;OSLO;0301
0676;OSLO;0301
0677;OSLO;0301
0678;OSLO;0301
0679;OSLO;0301
0680;OSLO;0301
0681;OSLO;0301
0682;OSLO;0301
0683;OSLO;0301
0684;OSLO;0301
0685;OSLO;0301
0686;OSLO;0301
0687;OSLO;0301
0688;OSLO;0301
0689;OSLO;0301
0690;OSLO;0301
0691;OSLO;0301
0692;OSLO;0301
0693;OSLO;0301
0694;OSLO;0301
0700;Oslo ;0301
0701;OSLO;0301
0702;OSLO;0301
0705;OSLO;0301
0710;OSLO;0301
0712;OSLO;0301
0750;OSLO;0301
0751;OSLO;0301
0752;OSLO;0301
0753;OSLO;0301
0754;OSLO;0301
0755;OSLO;0301
0756;OSLO;0301
0757;OSLO;0301
0758;OSLO;0301
0759;Oslo ;0301
0760;OSLO;0301
0763;OSLO;0301
0764;OSLO;0301
0765;OSLO;0301
0766;OSLO;0301
0767;OSLO;0301
0768;OSLO;0301
0770;OSLO;0301
0771;OSLO;0301
0772;OSLO;0301
0773;OSLO;0301
0774;OSLO;0301
0775;OSLO;0301
0776;OSLO;0301
0777;OSLO;0301
0778;OSLO;0301
0779;OSLO;0301
0781;OSLO;0301
0782;OSLO;0301
0783;OSLO;0301
0784;OSLO;0301
0785;OSLO;0301
0786;OSLO;0301
0787;OSLO;0301
0788;OSLO;0301
0789;OSLO;0301
0790;OSLO;0301
0791;OSLO;0301
0800;Oslo ;0301
0801;OSLO;0301
0805;OSLO;0301
0806;OSLO;0301
0807;OSLO;0301
0840;OSLO;0301
0850;OSLO;0301
0851;OSLO;0301
0852;OSLO;0301
0853;OSLO;0301
0854;OSLO;0301
0855;OSLO;0301
0856;OSLO;0301
0857;OSLO;0301
0858;OSLO;0301
0860;OSLO;0301
0861;OSLO;0301
0862;OSLO;0301
0863;OSLO;0301
0864;OSLO;0301
0870;OSLO;0301
0871;OSLO;0301
0872;OSLO;0301
0873;OSLO;0301
0874;OSLO;0301
0875;OSLO;0301
0876;OSLO;0301
0877;OSLO;0301
0880;OSLO;0301
0881;OSLO;0301
0882;OSLO;0301
0883;OSLO;0301
0884;OSLO;0301
0890;OSLO;0301
0891;OSLO;0301
0900;Oslo ;0301
0901;OSLO;0301
0902;OSLO;0301
0903;OSLO;0301
0904;OSLO;0301
0905;OSLO;0301
0907;OSLO;0301
0908;OSLO;0301
0913;OSLO;0301
0914;OSLO;0301
0915;OSLO;0301
0950;OSLO;0301
0951;OSLO;0301
0952;OSLO;0301
0953;OSLO;0301
0954;OSLO;0301
0955;OSLO;0301
0956;OSLO;0301
0957;OSLO;0301
0958;OSLO;0301
0959;OSLO;0301
0960;OSLO;0301
0962;OSLO;0301
0963;OSLO;0301
0964;OSLO;0301
0968;OSLO;0301
0969;OSLO;0301
0970;OSLO;0301
0971;OSLO;0301
0972;OSLO;0301
0973;OSLO;0301
0975;OSLO;0301
0976;OSLO;0301
0977;OSLO;0301
0978;OSLO;0301
0979;OSLO;0301
0980;OSLO;0301
0981;OSLO;0301
0982;OSLO;0301
0983;OSLO;0301
0984;OSLO;0301
0985;OSLO;0301
0986;OSLO;0301
0987;OSLO;0301
0988;OSLO;0301
1001;OSLO;0301
1003;OSLO;0301
1005;OSLO;0301
1006;OSLO;0301
1007;OSLO;0301
1008;OSLO;0301
1009;OSLO;0301
1011;OSLO;0301
1051;OSLO;0301
1052;OSLO;0301
1053;OSLO;0301
1054;OSLO;0301
1055;OSLO;0301
1056;OSLO;0301
1061;OSLO;0301
1062;OSLO;0301
1063;OSLO;0301
1064;OSLO;0301
1065;OSLO;0301
1067;OSLO;0301
1068;OSLO;0301
1069;OSLO;0301
1071;OSLO;0301
1081;OSLO;0301
1083;OSLO;0301
1084;OSLO;0301
1086;OSLO;0301
1087;OSLO;0301
1088;OSLO;0301
1089;OSLO;0301
1100;Oslo ;0301
1101;OSLO;0301
1102;OSLO;0301
1109;OSLO;0301
1112;OSLO;0301
1113;Oslo ;0301
1150;OSLO;0301
1151;OSLO;0301
1152;OSLO;0301
1153;OSLO;0301
1154;OSLO;0301
1155;OSLO;0301
1156;OSLO;0301
1157;OSLO;0301
1158;OSLO;0301
1160;OSLO;0301
1161;OSLO;0301
1162;OSLO;0301
1163;OSLO;0301
1164;OSLO;0301
1165;OSLO;0301
1166;OSLO;0301
1167;OSLO;0301
1168;OSLO;0301
1169;OSLO;0301
1170;OSLO;0301
1172;OSLO;0301
1176;OSLO;0301
1177;OSLO;0301
1178;OSLO;0301
1179;OSLO;0301
1181;OSLO;0301
1182;OSLO;0301
1184;OSLO;0301
1185;OSLO;0301
1187;OSLO;0301
1188;OSLO;0301
1189;OSLO;0301
1201;OSLO;0301
1203;OSLO;0301
1204;OSLO;0301
1205;OSLO;0301
1207;OSLO;0301
1214;OSLO;0301
1215;OSLO;0301
1250;OSLO;0301
1251;OSLO;0301
1252;OSLO;0301
1253;OSLO;0301
1254;OSLO;0301
1255;OSLO;0301
1256;OSLO;0301
1257;OSLO;0301
1258;OSLO;0301
1259;OSLO;0301
1262;OSLO;0301
1263;OSLO;0301
1266;OSLO;0301
1270;OSLO;0301
1271;OSLO;0301
1272;OSLO;0301
1273;OSLO;0301
1274;OSLO;0301
1275;OSLO;0301
1278;OSLO;0301
1279;OSLO;0301
1281;OSLO;0301
1283;OSLO;0301
1284;OSLO;0301
1285;OSLO;0301
1286;OSLO;0301
1290;OSLO;0301
1291;OSLO;0301
1294;OSLO;0301
1295;OSLO;0301
1300;SANDVIKA;0219
1301;SANDVIKA;0219
1302;SANDVIKA;0219
1303;SANDVIKA;0219
1304;SANDVIKA;0219
1305;HASLUM;0219
1306;SANDVIKA;0219
1307;FORNEBU;0219
1309;RUD;0219
1310;Blommenholm;0219
1311;HØVIKODDEN;0219
1312;SLEPENDEN;0219
1313;VØYENENGA;0219
1314;VØYENENGA;0219
1316;EIKSMARKA;0219
1317;BÆRUMS VERK;0219
1318;BEKKESTUA;0219
1319;BEKKESTUA;0219
1320;Stabekk;0220
1321;STABEKK;0219
1322;HØVIK;0219
1323;HØVIK;0219
1324;LYSAKER;0219
1325;LYSAKER;0219
1326;LYSAKER;0219
1327;LYSAKER;0219
1328;HØVIK;0219
1329;LOMMEDALEN;0219
1330;FORNEBU;0219
1331;FORNEBU;0219
1332;ØSTERÅS;0219
1333;KOLSÅS;0219
1334;RYKKINN;0219
1335;SNARØYA;0219
1336;SANDVIKA;0219
1337;SANDVIKA;0219
1338;SANDVIKA;0219
1339;VØYENENGA;0219
1340;SKUI;0219
1341;SLEPENDEN;0219
1342;GJETTUM;0219
1344;HASLUM;0219
1345;Østerås;0221
1346;GJETTUM;0219
1348;RYKKINN;0219
1349;RYKKINN;0219
1350;LOMMEDALEN;0219
1351;RUD;0219
1352;KOLSÅS;0219
1353;BÆRUMS VERK;0219
1354;BÆRUMS VERK;0219
1356;BEKKESTUA;0219
1357;BEKKESTUA;0219
1358;JAR;0219
1359;EIKSMARKA;0219
1360;FORNEBU;0219
1361;ØSTERÅS;0219
1362;HOSLE;0219
1363;HØVIK;0219
1364;FORNEBU;0219
1365;BLOMMENHOLM;0219
1366;LYSAKER;0219
1367;SNARØYA;0219
1368;STABEKK;0219
1369;STABEKK;0219
1370;Asker;0220
1371;ASKER;0220
1372;ASKER;0220
1373;ASKER;0220
1375;BILLINGSTAD;0220
1376;BILLINGSTAD;0220
1377;BILLINGSTAD;0220
1378;NESBRU;0220
1379;NESBRU;0220
1380;HEGGEDAL;0220
1381;VETTRE;0220
1383;ASKER;0220
1384;ASKER;0220
1385;ASKER;0220
1386;ASKER;0220
1387;ASKER;0220
1388;BORGEN;0220
1389;HEGGEDAL;0220
1390;VOLLEN;0220
1391;VOLLEN;0220
1392;VETTRE;0220
1393;VOLLEN;0220
1394;NESBRU;0220
1395;HVALSTAD;0220
1396;BILLINGSTAD;0220
1397;NESØYA;0220
1399;ASKER;0220
1400;SKI;0213
1401;SKI;0213
1402;SKI;0213
1403;LANGHUS;0213
1404;SIGGERUD;0213
1405;LANGHUS;0213
1406;SKI;0213
1407;VINTERBRO;0214
1408;KRÅKSTAD;0213
1409;SKOTBU;0213
1410;KOLBOTN;0217
1411;KOLBOTN;0217
1412;SOFIEMYR;0217
1413;TÅRNÅSEN;0217
1414;TROLLÅSEN;0217
1415;OPPEGÅRD;0217
1416;OPPEGÅRD;0217
1417;SOFIEMYR;0217
1418;KOLBOTN;0217
1419;OPPEGÅRD;0217
1420;SVARTSKOG;0217
1421;TROLLÅSEN;0217
1422;Svartskog;0217
1429;VINTERBRO;0214
1430;ÅS;0214
1431;ÅS;0214
1432;ÅS;0214
1434;Holstad;0214
1440;DRØBAK;0215
1441;DRØBAK;0215
1442;DRØBAK;0215
1443;DRØBAK;0215
1444;DRØBAK;0215
1445;DRØBAK;0215
1446;DRØBAK;0215
1447;DRØBAK;0215
1448;DRØBAK;0215
1449;DRØBAK;0215
1450;NESODDTANGEN;0216
1451;NESODDTANGEN;0216
1453;BJØRNEMYR;0216
1454;FAGERSTRAND;0216
1455;NORDRE FROGN;0215
1457;FAGERSTRAND;0216
1458;FJELLSTRAND;0216
1460;Spro;0217
1468;FINSTADJORDET;0230
1469;RASTA;0230
1470;LØRENSKOG;0230
1471;LØRENSKOG;0230
1472;FJELLHAMAR;0230
1473;LØRENSKOG;0230
1474;NORDBYHAGEN;0230
1475;FINSTADJORDET;0230
1476;RASTA;0230
1477;FJELLHAMAR;0230
1478;LØRENSKOG;0230
1479;KURLAND;0230
1480;SLATTUM;0233
1481;HAGAN;0233
1482;NITTEDAL;0233
1483;HAGAN;0233
1484;HAKADAL;0233
1485;HAKADAL;0233
1486;NITTEDAL;0233
1487;HAKADAL;0233
1488;HAKADAL;0233
1500;Moss;0104
1501;MOSS;0104
1502;MOSS;0104
1503;MOSS;0104
1504;MOSS;0104
1506;MOSS;0104
1508;MOSS;0104
1509;MOSS;0104
1510;MOSS;0104
1511;MOSS;0104
1512;MOSS;0104
1513;MOSS;0104
1514;MOSS;0104
1515;MOSS;0104
1516;MOSS;0104
1517;MOSS;0104
1518;MOSS;0104
1519;MOSS;0104
1520;MOSS;0136
1521;MOSS;0136
1522;MOSS;0136
1523;MOSS;0104
1524;MOSS;0104
1525;MOSS;0136
1526;MOSS;0136
1528;MOSS;0136
1529;MOSS;0136
1530;MOSS;0104
1531;MOSS;0104
1532;MOSS;0104
1533;MOSS;0104
1534;MOSS;0104
1535;MOSS;0104
1536;MOSS;0104
1537;MOSS;0104
1538;MOSS;0104
1539;MOSS;0104
1540;VESTBY;0211
1541;VESTBY;0211
1545;HVITSTEN;0211
1550;HØLEN;0211
1555;SON;0211
1556;SON;0211
1560;LARKOLLEN;0136
1561;LARKOLLEN;0136
1570;DILLING;0136
1580;RYGGE;0136
1581;RYGGE;0136
1590;RYGGE;0136
1591;SPERREBOTN;0137
1592;VÅLER I ØSTFOLD;0137
1593;SVINNDAL;0137
1596;MOSS;0104
1597;MOSS;0104
1598;MOSS;0104
1599;MOSS;0104
1600;Fredrikstad;0105
1601;FREDRIKSTAD;0106
1602;FREDRIKSTAD;0106
1604;FREDRIKSTAD;0106
1605;FREDRIKSTAD;0106
1606;FREDRIKSTAD;0106
1607;FREDRIKSTAD;0106
1608;FREDRIKSTAD;0106
1609;FREDRIKSTAD;0106
1610;FREDRIKSTAD;0106
1612;FREDRIKSTAD;0106
1613;FREDRIKSTAD;0106
1614;FREDRIKSTAD;0106
1615;FREDRIKSTAD;0106
1616;FREDRIKSTAD;0106
1617;FREDRIKSTAD;0106
1618;FREDRIKSTAD;0106
1619;FREDRIKSTAD;0106
1620;GRESSVIK;0106
1621;GRESSVIK;0106
1624;GRESSVIK;0106
1625;MANSTAD;0106
1626;MANSTAD;0106
1628;ENGELSVIKEN;0106
1629;GAMLE FREDRIKSTAD;0106
1630;GAMLE FREDRIKSTAD;0106
1632;GAMLE FREDRIKSTAD;0106
1633;GAMLE FREDRIKSTAD;0106
1634;GAMLE FREDRIKSTAD;0106
1636;GAMLE FREDRIKSTAD;0106
1637;GAMLE FREDRIKSTAD;0106
1638;GAMLE FREDRIKSTAD;0106
1639;GAMLE FREDRIKSTAD;0106
1640;RÅDE;0135
1641;RÅDE;0135
1642;SALTNES;0135
1650;SELLEBAKK;0106
1651;SELLEBAKK;0106
1653;SELLEBAKK;0106
1654;SELLEBAKK;0106
1655;SELLEBAKK;0106
1657;TORP;0106
1658;TORP;0106
1659;TORP;0106
1661;ROLVSØY;0106
1662;ROLVSØY;0106
1663;ROLVSØY;0106
1664;ROLVSØY;0106
1665;ROLVSØY;0106
1666;ROLVSØY;0106
1667;ROLVSØY;0106
1670;KRÅKERØY;0106
1671;KRÅKERØY;0106
1672;KRÅKERØY;0106
1673;KRÅKERØY;0106
1674;Vesterøy;0111
1675;KRÅKERØY;0106
1676;KRÅKERØY;0106
1678;KRÅKERØY;0106
1679;KRÅKERØY;0106
1680;SKJÆRHALDEN;0111
1682;SKJÆRHALDEN;0111
1683;VESTERØY;0111
1684;VESTERØY;0111
1690;HERFØL;0111
1692;NEDGÅRDEN;0111
1700;Sarpsborg;0105
1701;SARPSBORG;0105
1702;SARPSBORG;0105
1703;SARPSBORG;0105
1704;SARPSBORG;0105
1705;SARPSBORG;0105
1706;SARPSBORG;0105
1707;SARPSBORG;0105
1708;SARPSBORG;0105
1709;SARPSBORG;0105
1710;SARPSBORG;0105
1711;SARPSBORG;0105
1712;GRÅLUM;0105
1713;GRÅLUM;0105
1714;GRÅLUM;0105
1715;YVEN;0105
1718;GREÅKER;0105
1719;GREÅKER;0105
1720;GREÅKER;0105
1721;SARPSBORG;0105
1722;SARPSBORG;0105
1723;SARPSBORG;0105
1724;SARPSBORG;0105
1725;SARPSBORG;0105
1726;SARPSBORG;0105
1727;SARPSBORG;0105
1730;ISE;0105
1733;HAFSLUNDSØY;0105
1734;HAFSLUNDSØY;0105
1735;VARTEIG;0105
1738;BORGENHAUGEN;0105
1739;BORGENHAUGEN;0105
1740;BORGENHAUGEN;0105
1742;KLAVESTADHAUGEN;0105
1743;KLAVESTADHAUGEN;0105
1745;SKJEBERG;0105
1746;SKJEBERG;0105
1747;SKJEBERG;0105
1750;Halden;0101
1751;HALDEN;0101
1752;HALDEN;0101
1753;HALDEN;0101
1754;HALDEN;0101
1757;HALDEN;0101
1759;HALDEN;0101
1760;HALDEN;0101
1761;HALDEN;0101
1763;HALDEN;0101
1764;HALDEN;0101
1765;HALDEN;0101
1766;HALDEN;0101
1767;HALDEN;0101
1768;HALDEN;0101
1769;HALDEN;0101
1771;HALDEN;0101
1772;HALDEN;0101
1776;HALDEN;0101
1777;HALDEN;0101
1778;HALDEN;0101
1779;HALDEN;0101
1781;HALDEN;0101
1782;HALDEN;0101
1783;HALDEN;0101
1784;HALDEN;0101
1785;HALDEN;0101
1786;HALDEN;0101
1787;HALDEN;0101
1788;HALDEN;0101
1789;BERG I ØSTFOLD;0101
1790;TISTEDAL;0101
1791;TISTEDAL;0101
1792;TISTEDAL;0101
1793;TISTEDAL;0101
1794;SPONVIKA;0101
1796;KORNSJØ;0101
1798;AREMARK;0118
1799;AREMARK;0118
1800;Askim;0124
1801;ASKIM;0124
1802;ASKIM;0124
1803;ASKIM;0124
1804;SPYDEBERG;0123
1805;TOMTER;0138
1806;SKIPTVET;0127
1807;ASKIM;0124
1808;ASKIM;0124
1809;ASKIM;0124
1811;ASKIM;0124
1812;ASKIM;0124
1813;ASKIM;0124
1814;ASKIM;0124
1815;ASKIM;0124
1816;SKIPTVET;0127
1820;SPYDEBERG;0123
1823;KNAPSTAD;0138
1825;TOMTER;0138
1827;HOBØL;0138
1830;ASKIM;0124
1831;ASKIM;0124
1832;ASKIM;0124
1833;ASKIM;0124
1838;Flateby;0229
1840;Kråkstad;0213
1850;MYSEN;0125
1851;MYSEN;0125
1859;SLITU;0125
1860;TRØGSTAD;0122
1861;TRØGSTAD;0122
1866;BÅSTAD;0122
1867;BÅSTAD;0122
1870;ØRJE;0119
1871;ØRJE;0119
1875;OTTEID;0119
1878;HÆRLAND;0125
1880;EIDSBERG;0125
1890;RAKKESTAD;0128
1891;RAKKESTAD;0128
1892;DEGERNES;0128
1893;DEGERNES;0128
1900;FETSUND;0227
1901;FETSUND;0227
1903;GAN;0227
1910;ENEBAKKNESET;0227
1911;FLATEBY;0229
1912;ENEBAKK;0229
1914;YTRE ENEBAKK;0229
1916;FLATEBY;0229
1917;YTRE ENEBAKK;0229
1920;SØRUMSAND;0226
1921;SØRUMSAND;0226
1923;SØRUM;0226
1924;SØRUM;0226
1925;BLAKER;0226
1926;BLAKER;0226
1927;RÅNÅSFOSS;0226
1928;AULI;0236
1929;AULI;0236
1930;AURSKOG;0221
1931;AURSKOG;0221
1940;BJØRKELANGEN;0221
1941;BJØRKELANGEN;0221
1950;RØMSKOG;0121
1954;SETSKOG;0221
1960;LØKEN;0221
1961;LØKEN;0221
1963;FOSSER;0221
1970;HEMNES;0221
1971;HEMNES;0221
2000;LILLESTRØM;0231
2001;LILLESTRØM;0231
2003;LILLESTRØM;0231
2004;LILLESTRØM;0231
2005;RÆLINGEN;0228
2006;LØVENSTAD;0228
2007;KJELLER;0231
2008;FJERDINGBY;0228
2009;NORDBY;0228
2010;STRØMMEN;0231
2011;STRØMMEN;0231
2012;LILLESTRØM;0231
2013;SKJETTEN;0231
2014;BLYSTADLIA;0228
2015;LEIRSUND;0231
2016;FROGNER;0226
2017;FROGNER;0226
2018;LØVENSTAD;0228
2019;SKEDSMOKORSET;0231
2020;SKEDSMOKORSET;0231
2021;SKEDSMOKORSET;0231
2022;GJERDRUM;0234
2023;SKEDSMOKORSET;0231
2024;GJERDRUM;0234
2025;FJERDINGBY;0228
2026;SKJETTEN;0231
2027;KJELLER;0231
2028;LILLESTRØM;0231
2030;NANNESTAD;0238
2031;NANNESTAD;0238
2032;MAURA;0238
2033;ÅSGREINA;0238
2034;HOLTER;0238
2035;HOLTER;0238
2036;MAURA;0238
2040;KLØFTA;0235
2041;KLØFTA;0235
2045;Leirsund;0231
2050;JESSHEIM;0235
2051;JESSHEIM;0235
2052;JESSHEIM;0235
2053;JESSHEIM;0235
2054;MOGREINA;0235
2055;NORDKISA;0235
2056;ALGARHEIM;0235
2057;JESSHEIM;0235
2058;SESSVOLLMOEN;0235
2060;GARDERMOEN;0235
2061;GARDERMOEN;0235
2062;JESSHEIM;0235
2063;JESSHEIM;0235
2066;JESSHEIM;0235
2067;JESSHEIM;0235
2068;JESSHEIM;0235
2069;JESSHEIM;0235
2070;RÅHOLT;0237
2071;RÅHOLT;0237
2072;DAL;0237
2073;BØN;0237
2074;EIDSVOLL VERK;0237
2076;DAL;0237
2080;EIDSVOLL;0237
2081;EIDSVOLL;0237
2090;HURDAL;0239
2091;HURDAL;0239
2092;MINNESUND;0237
2093;FEIRING;0237
2094;MINNESUND;0237
2100;SKARNES;0419
2101;SKARNES;0419
2110;SLÅSTAD;0419
2114;DISENÅ;0419
2116;SANDER;0419
2120;SAGSTUA;0418
2123;BRUVOLL;0418
2130;KNAPPER;0418
2133;GARDVIK;0418
2134;AUSTVATN;0418
2150;ÅRNES;0236
2151;ÅRNES;0236
2160;VORMSUND;0236
2161;VORMSUND;0236
2162;BRÅRUD;0236
2164;SKOGBYGDA;0236
2165;HVAM;0236
2166;OPPAKER;0236
2170;FENSTAD;0236
2200;Kongsvinger;0402
2201;KONGSVINGER;0402
2202;KONGSVINGER;0402
2203;KONGSVINGER;0402
2204;KONGSVINGER;0402
2205;KONGSVINGER;0402
2206;KONGSVINGER;0402
2207;KONGSVINGER;0402
2208;KONGSVINGER;0402
2209;KONGSVINGER;0402
2210;GRANLI;0402
2211;KONGSVINGER;0402
2212;KONGSVINGER;0402
2213;KONGSVINGER;0402
2214;KONGSVINGER;0402
2216;ROVERUD;0402
2217;HOKKÅSEN;0402
2218;LUNDERSÆTER;0402
2219;BRANDVAL;0402
2220;ÅBOGEN;0420
2223;GALTERUD;0419
2224;AUSTMARKA;0402
2225;KONGSVINGER;0402
2226;KONGSVINGER;0402
2230;SKOTTERUD;0420
2231;SKOTTERUD;0420
2232;TOBØL;0420
2233;VESTMARKA;0420
2235;MATRAND;0420
2240;MAGNOR;0420
2241;MAGNOR;0420
2252;Hokkåsen;0402
2256;GRUE FINNSKOG;0423
2260;KIRKENÆR;0423
2261;KIRKENÆR;0423
2264;GRINDER;0423
2265;NAMNÅ;0423
2266;ARNEBERG;0425
2270;FLISA;0425
2271;FLISA;0425
2280;GJESÅSEN;0425
2283;ÅSNES FINNSKOG;0425
2293;Braskereidfoss;0426
2300;Hamar;0402
2301;HAMAR;0403
2302;HAMAR;0403
2303;HAMAR;0403
2304;HAMAR;0403
2305;HAMAR;0403
2306;HAMAR;0403
2307;HAMAR;0403
2308;HAMAR;0403
2309;HAMAR;0403
2312;OTTESTAD;0417
2313;OTTESTAD;0417
2314;OTTESTAD;0417
2315;HAMAR;0403
2316;HAMAR;0403
2317;HAMAR;0403
2318;HAMAR;0403
2319;HAMAR;0403
2320;FURNES;0412
2321;HAMAR;0403
2322;RIDABU;0403
2323;INGEBERG;0403
2324;VANG PÅ HEDMARKEN;0403
2325;HAMAR;0403
2326;HAMAR;0403
2330;VALLSET;0417
2332;ÅSVANG;0417
2333;ROMEDAL;0417
2334;ROMEDAL;0417
2335;STANGE;0417
2336;STANGE;0417
2337;TANGEN;0417
2338;ESPA;0417
2340;LØTEN;0415
2341;LØTEN;0415
2344;ILSENG;0417
2345;ÅDALSBRUK;0415
2350;NES PÅ HEDMARKEN;0412
2353;STAVSJØ;0412
2355;GAUPEN;0412
2360;RUDSHØGDA;0412
2364;NÆROSET;0412
2365;ÅSMARKA;0412
2372;BRØTTUM;0412
2380;BRUMUNDDAL;0412
2381;BRUMUNDDAL;0412
2382;BRUMUNDDAL;0412
2383;BRUMUNDDAL;0412
2384;BRUMUNDDAL;0412
2385;BRUMUNDDAL;0412
2386;BRUMUNDDAL;0412
2387;BRUMUNDDAL;0412
2388;BRUMUNDDAL;0412
2389;BRUMUNDDAL;0412
2390;MOELV;0412
2391;MOELV;0412
2400;Elverum;0427
2401;ELVERUM;0427
2402;ELVERUM;0427
2403;ELVERUM;0427
2404;ELVERUM;0427
2405;ELVERUM;0427
2406;ELVERUM;0427
2407;ELVERUM;0427
2408;ELVERUM;0427
2409;ELVERUM;0427
2410;HERNES;0427
2411;ELVERUM;0427
2412;SØRSKOGBYGDA;0427
2415;HERADSBYGD;0427
2416;JØMNA;0427
2418;ELVERUM;0427
2420;TRYSIL;0428
2421;TRYSIL;0428
2422;NYBERGSUND;0428
2423;ØSTBY;0428
2425;LJØRDALEN;0428
2427;PLASSEN;0428
2428;SØRE OSEN;0428
2429;TØRBERGET;0428
2430;JORDET;0428
2432;SLETTÅS;0428
2435;BRASKEREIDFOSS;0426
2436;VÅLER I SOLØR;0426
2437;HASLEMOEN;0426
2438;GRAVBERGET;0426
2439;VÅLER I SOLØR;0426
2440;ENGERDAL;0434
2443;DREVSJØ;0434
2446;ELGÅ;0434
2448;SØMÅDALEN;0434
2450;RENA;0429
2451;RENA;0429
2460;OSEN;0429
2476;ATNA;0430
2477;SOLLIA;0430
2478;HANESTAD;0432
2480;KOPPANG;0430
2481;KOPPANG;0430
2485;RENDALEN;0432
2486;RENDALEN;0432
2487;RENDALEN;0432
2488;RENDALEN;0432
2500;TYNSET;0437
2501;TYNSET;0437
2510;TYLLDALEN;0437
2512;KVIKNE;0437
2540;TOLGA;0436
2542;VINGELEN;0436
2544;ØVERSJØDALEN;0436
2550;OS I ØSTERDALEN;0441
2552;DALSBYGDA;0441
2555;TUFSINGDALEN;0441
2560;ALVDAL;0438
2561;ALVDAL;0438
2580;FOLLDAL;0439
2581;FOLLDAL;0439
2582;GRIMSBU;0439
2584;DALHOLEN;0439
2600;Lillehammer;0500
2601;LILLEHAMMER;0501
2602;LILLEHAMMER;0501
2603;LILLEHAMMER;0501
2604;LILLEHAMMER;0501
2605;LILLEHAMMER;0501
2606;LILLEHAMMER;0501
2607;VINGROM;0501
2608;LILLEHAMMER;0501
2609;LILLEHAMMER;0501
2610;MESNALI;0412
2611;LILLEHAMMER;0501
2612;SJUSJØEN;0412
2613;LILLEHAMMER;0501
2614;LILLEHAMMER;0501
2615;LILLEHAMMER;0501
2616;LISMARKA;0412
2617;LILLEHAMMER;0501
2618;LILLEHAMMER;0501
2619;LILLEHAMMER;0501
2624;LILLEHAMMER;0501
2625;FÅBERG;0501
2626;LILLEHAMMER;0501
2628;Espedal;0522
2629;LILLEHAMMER;0501
2630;RINGEBU;0520
2631;RINGEBU;0520
2632;VENABYGD;0520
2633;FÅVANG;0520
2634;FÅVANG;0520
2635;TRETTEN;0521
2636;ØYER;0521
2637;ØYER;0521
2639;VINSTRA;0516
2640;VINSTRA;0516
2642;KVAM;0516
2643;SKÅBU;0516
2645;SØR-FRON;0519
2646;GÅLÅ;0519
2647;SØR-FRON;0519
2648;SØR-FRON;0519
2649;ØSTRE GAUSDAL;0522
2651;ØSTRE GAUSDAL;0522
2652;SVINGVOLL;0522
2653;VESTRE GAUSDAL;0522
2656;FOLLEBU;0522
2657;SVATSUM;0522
2658;ESPEDALEN;0519
2659;DOMBÅS;0511
2660;DOMBÅS;0511
2661;HJERKINN;0511
2662;DOVRE;0511
2663;DOVRESKOGEN;0511
2664;DOVRE;0511
2665;LESJA;0512
2666;LORA;0512
2667;LESJAVERK;0512
2668;LESJASKOG;0512
2669;BJORLI;0512
2670;OTTA;0517
2672;SEL;0517
2673;HØVRINGEN;0517
2674;MYSUSÆTER;0517
2675;OTTA;0517
2676;HEIDAL;0517
2677;NEDRE HEIDAL;0517
2680;VÅGÅ;0515
2682;LALM;0515
2683;TESSANDEN;0515
2684;VÅGÅ;0515
2685;GARMO;0514
2686;LOM;0514
2687;BØVERDALEN;0514
2688;LOM;0514
2690;SKJÅK;0513
2693;NORDBERG;0513
2694;SKJÅK;0513
2695;GROTLI;0513
2700;Jevnaker;0532
2711;GRAN;0534
2712;BRANDBU;0534
2713;ROA;0533
2714;JAREN;0534
2715;LUNNER;0533
2716;HARESTUA;0533
2717;GRUA;0533
2718;BRANDBU;0534
2720;GRINDVOLL;0533
2730;LUNNER;0533
2740;ROA;0533
2742;GRUA;0533
2743;HARESTUA;0533
2750;GRAN;0534
2760;BRANDBU;0534
2770;JAREN;0534
2800;Gjøvik;0502
2801;GJØVIK;0502
2802;GJØVIK;0502
2803;GJØVIK;0502
2804;GJØVIK;0502
2805;GJØVIK;0502
2806;GJØVIK;0502
2807;HUNNDALEN;0502
2808;GJØVIK;0502
2809;GJØVIK;0502
2810;GJØVIK;0502
2811;HUNNDALEN;0502
2815;GJØVIK;0502
2816;GJØVIK;0502
2817;GJØVIK;0502
2818;GJØVIK;0502
2819;GJØVIK;0502
2820;NORDRE TOTEN;0528
2821;GJØVIK;0502
2822;BYBRUA;0502
2825;GJØVIK;0502
2827;HUNNDALEN;0502
2830;RAUFOSS;0529
2831;RAUFOSS;0529
2832;BIRI;0502
2836;BIRI;0502
2837;BIRISTRAND;0502
2838;SNERTINGDAL;0502
2839;ØVRE SNERTINGDAL;0502
2840;REINSVOLL;0529
2843;EINA;0529
2846;BØVERBRU;0529
2847;KOLBU;0528
2848;SKREIA;0528
2849;KAPP;0528
2850;LENA;0528
2851;LENA;0528
2853;REINSVOLL;0529
2854;EINA;0529
2856;Bilitt;0528
2857;SKREIA;0528
2858;KAPP;0528
2859;Nordre Toten;0528
2860;HOV;0536
2861;LANDÅSBYGDA;0536
2862;FLUBERG;0536
2864;FALL;0536
2866;ENGER;0536
2867;HOV;0536
2870;DOKKA;0538
2879;ODNES;0536
2880;NORD-TORPA;0538
2881;AUST-TORPA;0538
2882;DOKKA;0538
2890;ETNEDAL;0541
2893;ETNEDAL;0541
2900;FAGERNES;0542
2901;FAGERNES;0542
2907;LEIRA I VALDRES;0542
2910;AURDAL;0542
2917;SKRAUTVÅL;0542
2918;ULNES;0542
2920;LEIRA I VALDRES;0542
2923;TISLEIDALEN;0542
2929;BAGN;0540
2930;BAGN;0540
2933;REINLI;0540
2936;BEGNADALEN;0540
2937;BEGNA;0540
2939;HEGGENES;0544
2940;HEGGENES;0544
2943;ROGNE;0544
2950;SKAMMESTEIN;0544
2952;BEITO;0544
2953;BEITOSTØLEN;0544
2954;BEITOSTØLEN;0544
2959;RØN;0543
2960;RØN;0543
2966;SLIDRE;0543
2967;LOMEN;0543
2973;RYFOSS;0545
2974;VANG I VALDRES;0545
2975;VANG I VALDRES;0545
2977;ØYE;0545
2985;TYINKRYSSET;0545
3000;Drammen;0602
3001;DRAMMEN;0602
3002;DRAMMEN;0602
3003;DRAMMEN;0602
3004;DRAMMEN;0602
3005;DRAMMEN;0602
3006;DRAMMEN;0602
3007;DRAMMEN;0602
3008;DRAMMEN;0602
3009;DRAMMEN;0602
3011;DRAMMEN;0602
3012;DRAMMEN;0602
3013;DRAMMEN;0602
3014;DRAMMEN;0602
3015;DRAMMEN;0602
3016;DRAMMEN;0602
3017;DRAMMEN;0602
3018;DRAMMEN;0602
3019;DRAMMEN;0602
3020;Krokstadelva;0602
3021;DRAMMEN;0602
3022;DRAMMEN;0602
3023;DRAMMEN;0602
3024;DRAMMEN;0602
3025;DRAMMEN;0602
3026;DRAMMEN;0602
3027;DRAMMEN;0602
3028;DRAMMEN;0602
3029;DRAMMEN;0602
3030;DRAMMEN;0602
3031;DRAMMEN;0602
3032;DRAMMEN;0602
3033;DRAMMEN;0602
3034;DRAMMEN;0602
3035;DRAMMEN;0602
3036;DRAMMEN;0602
3037;DRAMMEN;0602
3038;DRAMMEN;0602
3039;DRAMMEN;0602
3040;DRAMMEN;0602
3041;DRAMMEN;0602
3042;DRAMMEN;0602
3043;DRAMMEN;0602
3044;DRAMMEN;0602
3045;DRAMMEN;0602
3046;DRAMMEN;0602
3047;DRAMMEN;0602
3048;DRAMMEN;0602
3050;MJØNDALEN;0625
3051;MJØNDALEN;0625
3053;STEINBERG;0625
3054;KROKSTADELVA;0625
3055;KROKSTADELVA;0625
3056;SOLBERGELVA;0625
3057;SOLBERGELVA;0625
3058;SOLBERGMOEN;0625
3060;SVELVIK;0711
3061;SVELVIK;0711
3070;SANDE I VESTFOLD;0713
3071;SANDE I VESTFOLD;0713
3074;Skoger;0602
3075;BERGER;0711
3080;HOLMESTRAND;0702
3081;HOLMESTRAND;0702
3082;HOLMESTRAND;0702
3083;HOLMESTRAND;0702
3084;HOLMESTRAND;0702
3085;HOLMESTRAND;0702
3086;HOLMESTRAND;0702
3087;HOLMESTRAND;0702
3088;HOLMESTRAND;0702
3089;HOLMESTRAND;0702
3090;HOF;0714
3091;HOF;0714
3092;SUNDBYFOSS;0714
3095;EIDSFOSS;0714
3100;Tønsberg;0704
3101;TØNSBERG;0704
3103;TØNSBERG;0704
3104;TØNSBERG;0704
3105;TØNSBERG;0704
3106;NØTTERØY;0722
3107;SEM;0704
3108;VEAR;0720
3109;TØNSBERG;0704
3110;TØNSBERG;0704
3111;TØNSBERG;0704
3112;TØNSBERG;0704
3113;TØNSBERG;0704
3114;TØNSBERG;0704
3115;TØNSBERG;0704
3116;TØNSBERG;0704
3117;TØNSBERG;0704
3118;TØNSBERG;0704
3119;TØNSBERG;0704
3120;NØTTERØY;0722
3121;NØTTERØY;0722
3122;TØNSBERG;0704
3123;TØNSBERG;0704
3124;TØNSBERG;0704
3125;TØNSBERG;0704
3126;TØNSBERG;0704
3127;TØNSBERG;0704
3128;NØTTERØY;0722
3131;HUSØYSUND;0722
3132;HUSØYSUND;0722
3133;DUKEN;0722
3135;TORØD;0722
3137;TORØD;0722
3138;SKALLESTAD;0722
3139;SKALLESTAD;0722
3140;NØTTERØY;0722
3141;KJØPMANNSKJÆR;0722
3142;VESTSKOGEN;0722
3143;KJØPMANNSKJÆR;0722
3144;VEIERLAND;0722
3145;TJØME;0723
3148;HVASSER;0723
3150;TOLVSRØD;0704
3151;TOLVSRØD;0704
3152;TOLVSRØD;0704
3153;TOLVSRØD;0704
3154;TOLVSRØD;0704
3157;BARKÅKER;0704
3158;ANDEBU;0719
3159;MELSOMVIK;0720
3160;STOKKE;0720
3161;STOKKE;0720
3162;ANDEBU;0719
3163;NØTTERØY;0722
3164;REVETAL;0716
3165;TJØME;0723
3166;TOLVSRØD;0704
3167;ÅSGÅRDSTRAND;0701
3168;MELSOMVIK;0720
3169;STOKKE;0720
3170;SEM;0704
3171;SEM;0704
3172;VEAR;0704
3173;VEAR;0720
3174;REVETAL;0716
3175;RAMNES;0716
3176;UNDRUMSDAL;0716
3177;VÅLE;0716
3178;VÅLE;0716
3179;ÅSGÅRDSTRAND;0701
3180;NYKIRKE;0701
3181;HORTEN;0701
3182;HORTEN;0701
3183;HORTEN;0701
3184;BORRE;0701
3185;SKOPPUM;0701
3186;HORTEN;0701
3187;HORTEN;0701
3188;HORTEN;0701
3189;HORTEN;0701
3190;Horten;0701
3191;HORTEN;0701
3192;HORTEN;0701
3193;HORTEN;0701
3194;HORTEN;0701
3195;SKOPPUM;0701
3196;HORTEN;0701
3199;BORRE;0701
3200;Sandefjord;0706
3201;SANDEFJORD;0706
3202;SANDEFJORD;0706
3203;SANDEFJORD;0706
3204;SANDEFJORD;0706
3205;SANDEFJORD;0706
3206;SANDEFJORD;0706
3207;SANDEFJORD;0706
3208;SANDEFJORD;0706
3209;SANDEFJORD;0706
3210;SANDEFJORD;0706
3211;SANDEFJORD;0706
3212;SANDEFJORD;0706
3213;SANDEFJORD;0706
3214;SANDEFJORD;0706
3215;SANDEFJORD;0706
3216;SANDEFJORD;0706
3217;SANDEFJORD;0706
3218;SANDEFJORD;0706
3219;SANDEFJORD;0706
3220;SANDEFJORD;0706
3221;SANDEFJORD;0706
3222;SANDEFJORD;0706
3223;SANDEFJORD;0706
3224;SANDEFJORD;0706
3225;SANDEFJORD;0706
3226;SANDEFJORD;0706
3227;SANDEFJORD;0706
3228;SANDEFJORD;0706
3229;SANDEFJORD;0706
3230;SANDEFJORD;0706
3231;SANDEFJORD;0706
3232;SANDEFJORD;0706
3233;SANDEFJORD;0706
3234;SANDEFJORD;0706
3235;SANDEFJORD;0706
3236;SANDEFJORD;0706
3237;SANDEFJORD;0706
3238;SANDEFJORD;0706
3239;SANDEFJORD;0706
3240;SANDEFJORD;0706
3241;SANDEFJORD;0706
3242;SANDEFJORD;0706
3243;KODAL;0719
3244;SANDEFJORD;0706
3245;KODAL;0719
3246;SANDEFJORD;0706
3249;SANDEFJORD;0706
3250;Larvik;0709
3251;LARVIK;0709
3252;LARVIK;0709
3253;LARVIK;0709
3254;LARVIK;0709
3255;LARVIK;0709
3256;LARVIK;0709
3257;LARVIK;0709
3258;LARVIK;0709
3259;LARVIK;0709
3260;LARVIK;0709
3261;LARVIK;0709
3262;LARVIK;0709
3263;LARVIK;0709
3264;LARVIK;0709
3265;LARVIK;0709
3267;LARVIK;0709
3268;LARVIK;0709
3269;LARVIK;0709
3270;LARVIK;0709
3271;LARVIK;0709
3273;Steinsholt;0728
3274;LARVIK;0709
3275;SVARSTAD;0728
3276;SVARSTAD;0728
3277;STEINSHOLT;0728
3280;TJODALYNG;0709
3281;TJODALYNG;0709
3282;KVELDE;0709
3284;KVELDE;0709
3285;LARVIK;0709
3290;STAVERN;0709
3291;STAVERN;0709
3292;STAVERN;0709
3294;STAVERN;0709
3295;HELGEROA;0709
3296;NEVLUNGHAVN;0709
3297;HELGEROA;0709
3300;HOKKSUND;0624
3301;HOKKSUND;0624
3320;VESTFOSSEN;0624
3321;VESTFOSSEN;0624
3322;FISKUM;0624
3330;SKOTSELV;0624
3331;SKOTSELV;0624
3340;ÅMOT;0623
3341;ÅMOT;0623
3342;ÅMOT;0623
3350;PRESTFOSS;0621
3351;PRESTFOSS;0621
3355;SOLUMSMOEN;0621
3358;NEDRE EGGEDAL;0621
3359;EGGEDAL;0621
3360;GEITHUS;0623
3361;GEITHUS;0623
3370;VIKERSUND;0623
3371;VIKERSUND;0623
3400;Lierbyen;0626
3401;LIER;0626
3402;LIER;0626
3403;LIER;0626
3404;LIER;0626
3405;LIER;0626
3406;TRANBY;0626
3407;TRANBY;0626
3408;TRANBY;0626
3409;TRANBY;0626
3410;SYLLING;0626
3411;SYLLING;0626
3412;LIERSTRANDA;0626
3413;LIER;0626
3414;LIERSTRANDA;0626
3420;LIERSKOGEN;0626
3421;LIERSKOGEN;0626
3425;REISTAD;0626
3426;GULLAUG;0626
3427;GULLAUG;0626
3428;GULLAUG;0626
3430;SPIKKESTAD;0627
3431;SPIKKESTAD;0627
3440;RØYKEN;0627
3441;RØYKEN;0627
3442;HYGGEN;0627
3463;Røyse;0612
3470;SLEMMESTAD;0627
3471;SLEMMESTAD;0627
3472;BØDALEN;0627
3474;ÅROS;0627
3475;SÆTRE;0628
3476;SÆTRE;0628
3477;BÅTSTØ;0627
3478;NÆRSNES;0627
3479;NÆRSNES;0627
3480;FILTVET;0628
3481;TOFTE;0628
3482;TOFTE;0628
3483;KANA;0628
3484;HOLMSBU;0628
3490;KLOKKARSTUA;0628
3500;Hønefoss;0605
3501;HØNEFOSS;0605
3502;HØNEFOSS;0605
3503;HØNEFOSS;0605
3504;HØNEFOSS;0605
3506;Røyse;0612
3507;HØNEFOSS;0605
3510;HØNEFOSS;0605
3511;HØNEFOSS;0605
3512;HØNEFOSS;0605
3513;HØNEFOSS;0605
3514;HØNEFOSS;0605
3515;HØNEFOSS;0605
3516;HØNEFOSS;0605
3517;HØNEFOSS;0605
3518;HØNEFOSS;0605
3519;HØNEFOSS;0605
3520;JEVNAKER;0532
3521;JEVNAKER;0532
3522;BJONEROA;0534
3523;NES I ÅDAL;0605
3524;NES I ÅDAL;0605
3525;HALLINGBY;0605
3526;HALLINGBY;0605
3528;HEDALEN;0540
3529;RØYSE;0612
3530;RØYSE;0612
3531;KROKKLEIVA;0612
3533;TYRISTRAND;0605
3534;SOKNA;0605
3535;KRØDEREN;0622
3536;NORESUND;0622
3537;KRØDEREN;0622
3538;SOLLIHØGDA;0612
3539;FLÅ;0615
3540;NESBYEN;0616
3541;NESBYEN;0616
3544;TUNHOVD;0633
3550;GOL;0617
3551;GOL;0617
3560;HEMSEDAL;0618
3561;HEMSEDAL;0618
3570;ÅL;0619
3571;ÅL;0619
3575;HOL;0620
3576;HOL;0620
3577;HOVET;0620
3579;TORPO;0619
3580;GEILO;0620
3581;GEILO;0620
3588;DAGALI;0620
3593;USTAOSET;0620
3595;HAUGASTØL;0620
3600;Kongsberg;0604
3601;KONGSBERG;0604
3602;KONGSBERG;0604
3603;KONGSBERG;0604
3604;KONGSBERG;0604
3605;KONGSBERG;0604
3606;KONGSBERG;0604
3608;HEISTADMOEN;0604
3609;KONGSBERG;0604
3610;KONGSBERG;0604
3611;KONGSBERG;0604
3612;KONGSBERG;0604
3613;KONGSBERG;0604
3614;KONGSBERG;0604
3615;KONGSBERG;0604
3616;KONGSBERG;0604
3617;KONGSBERG;0604
3618;SKOLLENBORG;0604
3619;SKOLLENBORG;0604
3620;FLESBERG;0631
3621;LAMPELAND;0631
3622;SVENE;0631
3623;LAMPELAND;0631
3624;LYNGDAL I NUMEDAL;0631
3626;ROLLAG;0632
3627;VEGGLI;0632
3628;VEGGLI;0632
3629;NORE;0633
3630;RØDBERG;0633
3631;RØDBERG;0633
3632;UVDAL;0633
3646;HVITTINGFOSS;0604
3647;HVITTINGFOSS;0604
3648;PASSEBEKK;0604
3650;TINN AUSTBYGD;0826
3652;HOVIN I TELEMARK;0826
3656;ATRÅ;0826
3658;MILAND;0826
3660;RJUKAN;0826
3661;RJUKAN;0826
3665;SAULAND;0827
3666;TINN AUSTBYGD;0826
3670;Notodden;0807
3671;NOTODDEN;0807
3672;NOTODDEN;0807
3673;NOTODDEN;0807
3674;NOTODDEN;0807
3675;NOTODDEN;0807
3676;NOTODDEN;0807
3677;NOTODDEN;0807
3678;NOTODDEN;0807
3679;NOTODDEN;0807
3680;NOTODDEN;0807
3681;NOTODDEN;0807
3683;NOTODDEN;0807
3684;NOTODDEN;0807
3690;HJARTDAL;0827
3691;GRANSHERAD;0807
3692;SAULAND;0827
3697;TUDDAL;0827
3700;Skien;0806
3701;SKIEN;0806
3702;SKIEN;0806
3703;SKIEN;0806
3704;SKIEN;0806
3705;SKIEN;0806
3707;SKIEN;0806
3710;SKIEN;0806
3711;SKIEN;0806
3712;SKIEN;0806
3713;SKIEN;0806
3714;SKIEN;0806
3715;SKIEN;0806
3716;SKIEN;0806
3717;SKIEN;0806
3718;SKIEN;0806
3719;SKIEN;0806
3720;SKIEN;0806
3721;SKIEN;0806
3722;SKIEN;0806
3723;SKIEN;0806
3724;SKIEN;0806
3725;SKIEN;0806
3726;SKIEN;0806
3727;SKIEN;0806
3728;SKIEN;0806
3729;SKIEN;0806
3730;SKIEN;0806
3731;SKIEN;0806
3732;SKIEN;0806
3733;SKIEN;0806
3734;SKIEN;0806
3735;SKIEN;0806
3736;SKIEN;0806
3737;SKIEN;0806
3738;SKIEN;0806
3739;SKIEN;0806
3740;SKIEN;0806
3741;SKIEN;0806
3742;SKIEN;0806
3743;SKIEN;0806
3744;SKIEN;0806
3745;Ulefoss;0819
3746;SKIEN;0806
3747;SKIEN;0806
3748;SILJAN;0811
3749;SILJAN;0811
3750;DRANGEDAL;0817
3753;TØRDAL;0817
3760;NESLANDSVATN;0817
3766;SANNIDAL;0815
3768;Vadfoss;0815
3770;KRAGERØ;0815
3780;SKÅTØY;0815
3781;JOMFRULAND;0815
3783;KRAGERØ SKJÆRGÅRD;0815
3785;SKIEN;0806
3787;SKIEN;0806
3788;STABBESTAD;0815
3789;KRAGERØ;0815
3790;HELLE;0815
3791;KRAGERØ;0815
3792;SKIEN;0806
3793;SANNIDAL;0815
3794;HELLE;0815
3795;DRANGEDAL;0817
3796;SKIEN;0806
3798;SKIEN;0806
3799;SKIEN;0806
3800;BØ I TELEMARK;0821
3801;BØ I TELEMARK;0821
3802;BØ I TELEMARK;0821
3803;BØ I TELEMARK;0821
3804;BØ I TELEMARK;0821
3805;BØ I TELEMARK;0828
3810;GVARV;0822
3811;HØRTE;0822
3812;AKKERHAUGEN;0822
3820;NORDAGUTU;0822
3825;LUNDE;0819
3830;ULEFOSS;0819
3831;ULEFOSS;0819
3832;LUNDE;0819
3833;BØ I TELEMARK;0821
3834;GVARV;0822
3835;SELJORD;0828
3836;KVITESEID;0829
3840;SELJORD;0828
3841;FLATDAL;0828
3844;ÅMOTSDAL;0828
3848;MORGEDAL;0829
3849;VRÅLIOSEN;0829
3850;KVITESEID;0829
3853;VRÅDAL;0829
3854;NISSEDAL;0830
3855;TREUNGEN;0830
3864;RAULAND;0834
3870;FYRESDAL;0831
3880;DALEN;0833
3882;ÅMDALS VERK;0833
3883;TREUNGEN;0830
3884;RAULAND;0834
3885;FYRESDAL;0831
3886;DALEN;0833
3887;VINJE;0834
3888;EDLAND;0834
3890;VINJE;0834
3891;HØYDALSMO;0833
3893;VINJESVINGEN;0834
3895;EDLAND;0834
3900;Porsgrunn;0805
3901;PORSGRUNN;0805
3902;PORSGRUNN;0805
3903;PORSGRUNN;0805
3904;PORSGRUNN;0805
3905;PORSGRUNN;0805
3906;PORSGRUNN;0805
3908;Tollnes;0805
3910;PORSGRUNN;0805
3911;PORSGRUNN;0805
3912;PORSGRUNN;0805
3913;PORSGRUNN;0805
3914;PORSGRUNN;0805
3915;PORSGRUNN;0805
3916;PORSGRUNN;0805
3917;PORSGRUNN;0805
3918;PORSGRUNN;0805
3919;PORSGRUNN;0805
3920;PORSGRUNN;0805
3921;PORSGRUNN;0805
3922;PORSGRUNN;0805
3924;PORSGRUNN;0805
3925;PORSGRUNN;0805
3926;Porsgrunn;0805
3928;PORSGRUNN;0805
3929;PORSGRUNN;0805
3930;PORSGRUNN;0805
3931;PORSGRUNN;0805
3933;PORSGRUNN;0805
3936;PORSGRUNN;0805
3937;PORSGRUNN;0805
3939;PORSGRUNN;0805
3940;PORSGRUNN;0805
3941;PORSGRUNN;0805
3942;PORSGRUNN;0805
3943;PORSGRUNN;0805
3944;PORSGRUNN;0805
3946;PORSGRUNN;0805
3947;LANGANGEN;0805
3948;PORSGRUNN;0805
3949;PORSGRUNN;0805
3950;BREVIK;0805
3960;STATHELLE;0814
3961;STATHELLE;0814
3962;STATHELLE;0814
3965;HERRE;0814
3966;STATHELLE;0814
3967;STATHELLE;0814
3970;LANGESUND;0814
3990;Ødegardens Verk;0814
3991;BREVIK;0805
3993;LANGESUND;0814
3994;LANGESUND;0814
3995;STATHELLE;0814
3996;PORSGRUNN;0805
3997;PORSGRUNN;0805
3998;PORSGRUNN;0805
3999;HERRE;0814
4000;Stavanger;1103
4001;STAVANGER;1103
4002;STAVANGER;1103
4003;STAVANGER;1103
4004;STAVANGER;1103
4005;STAVANGER;1103
4006;STAVANGER;1103
4007;STAVANGER;1103
4008;STAVANGER;1103
4009;STAVANGER;1103
4010;STAVANGER;1103
4011;STAVANGER;1103
4012;STAVANGER;1103
4013;STAVANGER;1103
4014;STAVANGER;1103
4015;STAVANGER;1103
4016;STAVANGER;1103
4017;STAVANGER;1103
4018;STAVANGER;1103
4019;STAVANGER;1103
4020;STAVANGER;1103
4021;STAVANGER;1103
4022;STAVANGER;1103
4023;STAVANGER;1103
4024;STAVANGER;1103
4025;STAVANGER;1103
4026;STAVANGER;1103
4027;STAVANGER;1103
4028;STAVANGER;1103
4029;STAVANGER;1103
4031;STAVANGER;1103
4032;STAVANGER;1103
4033;STAVANGER;1103
4034;STAVANGER;1103
4035;STAVANGER;1103
4036;STAVANGER;1103
4040;Madlakrossen;1103
4041;HAFRSFJORD;1103
4042;HAFRSFJORD;1103
4043;HAFRSFJORD;1103
4044;HAFRSFJORD;1103
4045;HAFRSFJORD;1103
4046;HAFRSFJORD;1103
4047;HAFRSFJORD;1103
4048;HAFRSFJORD;1103
4049;HAFRSFJORD;1103
4050;SOLA;1124
4051;SOLA;1124
4052;RØYNEBERG;1124
4053;RÆGE;1124
4054;TJELTA;1124
4055;SOLA;1124
4056;TANANGER;1124
4057;TANANGER;1124
4058;TANANGER;1124
4059;RØYNEBERG;1124
4062;Klepp stasjon;1120
4064;STAVANGER;1103
4065;STAVANGER;1103
4066;STAVANGER;1103
4067;STAVANGER;1103
4068;STAVANGER;1103
4069;STAVANGER;1103
4070;RANDABERG;1127
4076;VASSØY;1103
4077;HUNDVÅG;1103
4078;STAVANGER;1103
4079;STAVANGER;1103
4080;Austre Åmøy;1103
4081;STAVANGER;1103
4082;STAVANGER;1103
4083;HUNDVÅG;1103
4084;STAVANGER;1103
4085;HUNDVÅG;1103
4086;HUNDVÅG;1103
4087;STAVANGER;1103
4088;STAVANGER;1103
4089;HAFRSFJORD;1103
4090;HAFRSFJORD;1103
4091;HAFRSFJORD;1103
4092;STAVANGER;1103
4093;STAVANGER;1103
4094;STAVANGER;1103
4095;STAVANGER;1103
4096;RANDABERG;1127
4097;SOLA;1124
4098;TANANGER;1124
4099;STAVANGER;1103
4100;JØRPELAND;1130
4102;IDSE;1130
4110;FORSAND;1129
4119;FORSAND;1129
4120;TAU;1130
4123;SØR-HIDLE;1130
4124;TAU;1130
4126;JØRPELAND;1130
4127;LYSEBOTN;1129
4128;FLØYRLI;1129
4129;SONGESAND;1129
4130;HJELMELAND;1133
4134;JØSENFJORDEN;1133
4137;ÅRDAL I RYFYLKE;1133
4139;FISTER;1133
4140;Erfjord;1134
4146;SKIFTUN;1133
4148;HJELMELAND;1133
4150;RENNESØY;1142
4152;VESTRE ÅMØY;1142
4153;BRIMSE;1142
4154;AUSTRE ÅMØY;1103
4156;MOSTERØY;1142
4158;BRU;1142
4159;RENNESØY;1142
4160;FINNØY;1141
4161;FINNØY;1141
4163;TALGJE;1141
4164;FOGN;1141
4167;HELGØY I RYFYLKE;1133
4168;BYRE;1141
4169;SØRBOKN;1141
4170;SJERNARØY;1141
4173;NORD-HIDLE;1141
4174;SJERNARØY;1141
4180;KVITSØY;1144
4182;SKARTVEIT;1141
4187;OMBO;1141
4190;Jelsa;1134
4198;FOLDØY;1134
4200;SAUDA;1135
4201;SAUDA;1135
4208;SAUDASJØEN;1135
4209;VANVIK;1134
4230;SAND;1134
4233;ERFJORD;1134
4234;JELSA;1134
4235;HEBNES;1134
4237;SULDALSOSEN;1134
4239;SAND;1134
4240;SULDALSOSEN;1134
4244;NESFLATEN;1134
4250;KOPERVIK;1149
4260;TORVASTAD;1149
4262;AVALDSNES;1149
4264;KVALAVÅG;1149
4265;HÅVIK;1149
4270;ÅKREHAMN;1149
4271;Åkrehamn;1149
4272;SANDVE;1149
4274;STOL;1149
4275;SÆVELANDSVIK;1149
4276;VEAVÅGEN;1149
4280;SKUDENESHAVN;1149
4291;KOPERVIK;1149
4294;KOPERVIK;1149
4295;VEAVÅGEN;1149
4296;ÅKREHAMN;1149
4297;SKUDENESHAVN;1149
4298;TORVASTAD;1149
4299;AVALDSNES;1149
4300;Sandnes;1102
4301;SANDNES;1102
4302;SANDNES;1102
4303;SANDNES;1102
4304;SANDNES;1102
4305;SANDNES;1102
4306;SANDNES;1102
4307;SANDNES;1102
4308;SANDNES;1102
4309;SANDNES;1102
4310;HOMMERSÅK;1102
4311;HOMMERSÅK;1102
4312;SANDNES;1102
4313;SANDNES;1102
4314;SANDNES;1102
4315;SANDNES;1102
4316;SANDNES;1102
4317;SANDNES;1102
4318;SANDNES;1102
4319;SANDNES;1102
4321;SANDNES;1102
4322;SANDNES;1102
4323;SANDNES;1102
4324;SANDNES;1102
4325;SANDNES;1102
4326;SANDNES;1102
4327;SANDNES;1102
4328;SANDNES;1102
4329;SANDNES;1102
4330;ÅLGÅRD;1122
4332;FIGGJO;1102
4333;OLTEDAL;1122
4335;DIRDAL;1122
4339;ÅLGÅRD;1122
4340;BRYNE;1121
4341;BRYNE;1120
4342;UNDHEIM;1121
4343;ORRE;1120
4344;BRYNE;1121
4345;BRYNE;1121
4346;BRYNE;1121
4347;LYE;1121
4348;LYE;1121
4349;BRYNE;1121
4352;KLEPPE;1120
4353;KLEPP STASJON;1120
4354;VOLL;1120
4355;KVERNALAND;1121
4356;KVERNALAND;1121
4357;KLEPP STASJON;1120
4358;KLEPPE;1120
4360;VARHAUG;1119
4362;VIGRESTAD;1119
4363;BRUSAND;1119
4364;SIREVÅG;1119
4365;NÆRBØ;1119
4367;NÆRBØ;1119
4368;VARHAUG;1119
4369;VIGRESTAD;1119
4370;EGERSUND;1101
4371;EGERSUND;1101
4372;EGERSUND;1101
4373;EGERSUND;1101
4374;EGERSUND;1101
4375;HELLVIK;1101
4376;HELLELAND;1101
4378;EGERSUND;1101
4379;EGERSUND;1101
4380;HAUGE I DALANE;1111
4381;HAUGE I DALANE;1111
4387;BJERKREIM;1114
4389;VIKESÅ;1114
4391;SANDNES;1102
4392;SANDNES;1102
4393;SANDNES;1102
4394;SANDNES;1102
4395;HOMMERSÅK;1102
4396;SANDNES;1102
4397;SANDNES;1102
4398;SANDNES;1102
4400;FLEKKEFJORD;1004
4401;FLEKKEFJORD;1004
4402;FLEKKEFJORD;1004
4403;FLEKKEFJORD;1004
4420;ÅNA-SIRA;1004
4432;HIDRASUND;1004
4434;ANDABELØY;1004
4436;GYLAND;1004
4438;SIRA;1004
4440;TONSTAD;1046
4441;TONSTAD;1046
4443;TJØRHOM;1046
4460;MOI;1112
4462;HOVSHERAD;1112
4463;UALAND;1112
4465;MOI;1112
4473;KVINLOG;1037
4480;KVINESDAL;1037
4484;ØYESTRANDA;1037
4485;FEDA;1037
4490;KVINESDAL;1037
4491;KVINESDAL;1037
4492;KVINESDAL;1037
4500;Mandal;1002
4501;MANDAL;1002
4502;MANDAL;1002
4503;MANDAL;1002
4504;MANDAL;1002
4505;MANDAL;1002
4506;MANDAL;1002
4507;MANDAL;1002
4508;MANDAL;1002
4509;MANDAL;1002
4510;Spangereid;1029
4513;MANDAL;1002
4514;MANDAL;1002
4515;MANDAL;1002
4516;MANDAL;1002
4517;MANDAL;1002
4519;HOLUM;1002
4520;LINDESNES;1029
4521;LINDESNES;1029
4522;LINDESNES;1029
4523;LINDESNES;1029
4524;LINDESNES;1029
4525;KONSMO;1027
4528;KOLLUNGTVEIT;1027
4529;BYREMO;1027
4532;ØYSLEBØ;1021
4534;MARNARDAL;1021
4536;BJELLAND;1021
4540;ÅSERAL;1026
4544;FOSSDAL;1026
4550;FARSUND;1003
4551;FARSUND;1003
4552;FARSUND;1003
4553;FARSUND;1003
4554;FARSUND;1003
4557;VANSE;1003
4558;VANSE;1003
4560;VANSE;1003
4563;BORHAUG;1003
4575;LYNGDAL;1032
4576;LYNGDAL;1032
4577;LYNGDAL;1032
4579;LYNGDAL;1032
4580;LYNGDAL;1032
4586;KORSHAMN;1032
4588;KVÅS;1032
4590;SNARTEMO;1034
4595;TINGVATN;1034
4596;EIKEN;1034
4600;Kristiansand S;1001
4601;Kristiansand S postboksadr.;1001
4604;KRISTIANSAND S;1001
4605;KRISTIANSAND S;1001
4606;KRISTIANSAND S;1001
4608;KRISTIANSAND S;1001
4609;KARDEMOMME BY;1001
4610;KRISTIANSAND S;1001
4611;KRISTIANSAND S;1001
4612;KRISTIANSAND S;1001
4613;KRISTIANSAND S;1001
4614;KRISTIANSAND S;1001
4615;KRISTIANSAND S;1001
4616;KRISTIANSAND S;1001
4617;KRISTIANSAND S;1001
4618;KRISTIANSAND S;1001
4619;MOSBY;1001
4620;KRISTIANSAND S;1001
4621;KRISTIANSAND S;1001
4622;KRISTIANSAND S;1001
4623;KRISTIANSAND S;1001
4624;KRISTIANSAND S;1001
4625;FLEKKERØY;1001
4626;KRISTIANSAND S;1001
4628;KRISTIANSAND S;1001
4629;KRISTIANSAND S;1001
4630;KRISTIANSAND S;1001
4631;KRISTIANSAND S;1001
4632;KRISTIANSAND S;1001
4633;KRISTIANSAND S;1001
4634;KRISTIANSAND S;1001
4635;KRISTIANSAND S;1001
4636;KRISTIANSAND S;1001
4637;KRISTIANSAND S;1001
4638;KRISTIANSAND S;1001
4639;KRISTIANSAND S;1001
4640;SØGNE;1018
4645;NODELAND;1017
4646;FINSLAND;1017
4647;BRENNÅSEN;1017
4651;HAMRESANDEN;1001
4656;HAMRESANDEN;1001
4657;KJEVIK;1001
4658;TVEIT;1001
4661;KRISTIANSAND S;1001
4662;KRISTIANSAND S;1001
4663;KRISTIANSAND S;1001
4664;KRISTIANSAND S;1001
4665;KRISTIANSAND S;1001
4666;KRISTIANSAND S;1001
4670;KRISTIANSAND S;1001
4671;KRISTIANSAND S;1001
4672;KRISTIANSAND S;1001
4673;KRISTIANSAND S;1001
4674;KRISTIANSAND S;1001
4675;KRISTIANSAND S;1001
4676;KRISTIANSAND S;1001
4677;KRISTIANSAND S;1001
4678;KRISTIANSAND S;1001
4679;FLEKKERØY;1001
4681;SØGNE;1018
4682;SØGNE;1018
4683;SØGNE;1018
4684;BRENNÅSEN;1017
4685;NODELAND;1017
4686;KRISTIANSAND S;1001
4687;KRISTIANSAND S;1001
4688;KRISTIANSAND S;1001
4689;KRISTIANSAND S;1001
4691;KRISTIANSAND S;1001
4693;KRISTIANSAND S;1001
4694;KRISTIANSAND S;1001
4695;KRISTIANSAND S;1001
4696;KRISTIANSAND S;1001
4697;KRISTIANSAND S;1001
4698;KRISTIANSAND S;1001
4699;TVEIT;1001
4700;VENNESLA;1014
4701;VENNESLA;1014
4702;VENNESLA;1014
4703;VENNESLA;1014
4705;ØVREBØ;1014
4715;ØVREBØ;1014
4720;HÆGELAND;1014
4724;IVELAND;0935
4730;VATNESTRØM;0935
4733;EVJE;0937
4734;EVJE;0937
4735;EVJE;0937
4737;HORNNES;0937
4741;BYGLANDSFJORD;0938
4742;GRENDI;0938
4745;BYGLAND;0938
4747;VALLE;0940
4748;RYSSTAD;0940
4754;BYKLE;0941
4755;HOVDEN I SETESDAL;0941
4756;HOVDEN I SETESDAL;0941
4760;BIRKELAND;0928
4766;HEREFOSS;0928
4768;ENGESLAND;0928
4770;HØVÅG;0926
4780;BREKKESTØ;0926
4790;LILLESAND;0926
4791;LILLESAND;0926
4792;LILLESAND;0926
4793;HØVÅG;0926
4794;LILLESAND;0926
4795;BIRKELAND;0928
4800;Arendal;0906
4801;ARENDAL;0906
4802;ARENDAL;0906
4803;ARENDAL;0906
4804;ARENDAL;0906
4808;ARENDAL;0906
4809;ARENDAL;0906
4810;EYDEHAVN;0906
4812;KONGSHAVN;0906
4815;SALTRØD;0906
4816;KOLBJØRNSVIK;0906
4817;HIS;0906
4818;FÆRVIK;0906
4820;FROLAND;0919
4821;RYKENE;0906
4823;NEDENES;0906
4824;BJORBEKK;0906
4825;ARENDAL;0906
4827;FROLANDS VERK;0919
4828;MJÅVATN;0919
4830;HYNNEKLEIV;0919
4832;MYKLAND;0919
4834;RISDAL;0919
4836;ARENDAL;0906
4838;ARENDAL;0906
4839;ARENDAL;0906
4841;ARENDAL;0906
4842;ARENDAL;0906
4843;ARENDAL;0906
4844;ARENDAL;0906
4846;ARENDAL;0906
4847;ARENDAL;0906
4848;ARENDAL;0906
4849;ARENDAL;0906
4851;SALTRØD;0906
4852;FÆRVIK;0906
4853;HIS;0906
4854;NEDENES;0906
4855;FROLAND;0919
4856;ARENDAL;0906
4857;ARENDAL;0906
4858;ARENDAL;0906
4859;ARENDAL;0906
4861;ARENDAL;0906
4862;EYDEHAVN;0906
4863;NELAUG;0929
4864;ÅMLI;0929
4865;ÅMLI;0929
4868;SELÅSVATN;0929
4869;DØLEMO;0929
4870;FEVIK;0904
4875;Nedenes;0906
4876;GRIMSTAD;0904
4877;GRIMSTAD;0904
4878;GRIMSTAD;0904
4879;GRIMSTAD;0904
4884;GRIMSTAD;0904
4885;GRIMSTAD;0904
4886;GRIMSTAD;0904
4887;GRIMSTAD;0904
4888;HOMBORSUND;0904
4889;FEVIK;0904
4890;Grimstad;0904
4891;GRIMSTAD;0904
4892;GRIMSTAD;0904
4893;GRIMSTAD;0904
4894;GRIMSTAD;0904
4896;GRIMSTAD;0904
4898;GRIMSTAD;0904
4900;TVEDESTRAND;0914
4901;TVEDESTRAND;0914
4902;TVEDESTRAND;0914
4909;SONGE;0914
4910;LYNGØR;0914
4912;GJEVING;0914
4915;VESTRE SANDØYA;0914
4916;BORØY;0914
4920;STAUBØ;0906
4934;NES VERK;0914
4950;RISØR;0901
4951;RISØR;0901
4952;RISØR;0901
4953;RISØR;0901
4955;RISØR;0901
4971;SUNDEBRU;0911
4972;GJERSTAD;0911
4973;VEGÅRSHEI;0912
4974;SØNDELED;0901
4980;GJERSTAD;0911
4985;VEGÅRSHEI;0912
4990;SØNDELED;0901
4992;Fiane;0911
4993;SUNDEBRU;0911
4994;AKLAND;0901
4999;Søndeled;0901
5000;Bergen;1201
5003;BERGEN;1201
5004;BERGEN;1201
5005;BERGEN;1201
5006;BERGEN;1201
5007;BERGEN;1201
5008;BERGEN;1201
5009;BERGEN;1201
5010;BERGEN;1201
5011;BERGEN;1201
5012;BERGEN;1201
5013;BERGEN;1201
5014;BERGEN;1201
5015;BERGEN;1201
5016;BERGEN;1201
5017;BERGEN;1201
5018;BERGEN;1201
5019;BERGEN;1201
5020;BERGEN;1201
5021;BERGEN;1201
5022;BERGEN;1201
5030;Landås;1201
5031;BERGEN;1201
5032;BERGEN;1201
5033;BERGEN;1201
5034;BERGEN;1201
5035;BERGEN;1201
5036;BERGEN;1201
5037;BERGEN;1201
5038;BERGEN;1201
5039;BERGEN;1201
5040;Paradis;1201
5041;BERGEN;1201
5042;BERGEN;1201
5043;BERGEN;1201
5044;Nattland;1201
5045;BERGEN;1201
5046;Rådal;1201
5047;Stend;1201
5049;Sandsli;1201
5050;Nesttun;1201
5052;BERGEN;1201
5053;BERGEN;1201
5054;BERGEN;1201
5055;BERGEN;1201
5056;BERGEN;1201
5057;BERGEN;1201
5058;BERGEN;1201
5059;BERGEN;1201
5060;Søreidgrend;1201
5063;BERGEN;1201
5067;BERGEN;1201
5068;BERGEN;1201
5072;BERGEN;1201
5073;BERGEN;1201
5074;Godvik;1201
5075;BERGEN;1201
5076;Alvøy;1259
5079;Tyssøy;1245
5081;BERGEN;1201
5082;BERGEN;1201
5085;Morvik i Åsane;1201
5089;BERGEN;1201
5093;BERGEN;1201
5094;BERGEN;1201
5095;Ulset;1201
5096;BERGEN;1201
5097;BERGEN;1201
5098;BERGEN;1201
5099;BERGEN;1201
5101;EIDSVÅGNESET;1201
5104;EIDSVÅG I ÅSANE;1201
5105;EIDSVÅG I ÅSANE;1201
5106;ØVRE ERVIK;1201
5107;SALHUS;1201
5108;HORDVIK;1201
5109;HYLKJE;1201
5111;BREISTEIN;1201
5113;TERTNES;1201
5114;TERTNES;1201
5115;ULSET;1201
5116;ULSET;1201
5117;ULSET;1201
5118;ULSET;1201
5119;ULSET;1201
5121;ULSET;1201
5122;MORVIK;1201
5124;MORVIK;1201
5130;NYBORG;1201
5131;NYBORG;1201
5132;NYBORG;1201
5133;Fedje;1265
5134;FLAKTVEIT;1201
5135;FLAKTVEIT;1201
5136;MJØLKERÅEN;1201
5137;MJØLKERÅEN;1201
5141;FYLLINGSDALEN;1201
5142;FYLLINGSDALEN;1201
5143;FYLLINGSDALEN;1201
5144;FYLLINGSDALEN;1201
5145;FYLLINGSDALEN;1201
5146;FYLLINGSDALEN;1201
5147;FYLLINGSDALEN;1201
5148;FYLLINGSDALEN;1201
5151;STRAUMSGREND;1201
5152;BØNES;1201
5153;BØNES;1201
5154;BØNES;1201
5155;BØNES;1201
5160;LAKSEVÅG;1201
5161;LAKSEVÅG;1201
5162;LAKSEVÅG;1201
5163;LAKSEVÅG;1201
5164;LAKSEVÅG;1201
5165;LAKSEVÅG;1201
5170;BJØRNDALSTRÆ;1201
5171;LODDEFJORD;1201
5172;LODDEFJORD;1201
5173;LODDEFJORD;1201
5174;MATHOPEN;1201
5176;LODDEFJORD;1201
5177;BJØRØYHAMN;1246
5178;LODDEFJORD;1201
5179;GODVIK;1201
5183;OLSVIK;1201
5184;OLSVIK;1201
5200;OS;1243
5201;OS;1243
5202;OS;1243
5203;OS;1243
5206;OS;1243
5207;SØFTELAND;1243
5208;OS;1243
5209;OS;1243
5210;OS;1243
5211;OS;1243
5212;SØFTELAND;1243
5213;LEPSØY;1243
5214;LYSEKLOSTER;1243
5215;LYSEKLOSTER;1243
5216;LEPSØY;1243
5217;HAGAVIK;1243
5218;NORDSTRØNO;1243
5221;NESTTUN;1201
5222;NESTTUN;1201
5223;NESTTUN;1201
5224;NESTTUN;1201
5225;NESTTUN;1201
5226;NESTTUN;1201
5227;NESTTUN;1201
5228;NESTTUN;1201
5229;KALANDSEIDET;1201
5230;PARADIS;1201
5231;PARADIS;1201
5232;PARADIS;1201
5235;RÅDAL;1201
5236;RÅDAL;1201
5237;RÅDAL;1201
5238;RÅDAL;1201
5239;RÅDAL;1201
5240;Valestrandsfossen;1253
5243;FANA;1201
5244;FANA;1201
5245;Raknesvåg;1253
5251;SØREIDGREND;1201
5252;SØREIDGREND;1201
5253;SANDSLI;1201
5254;SANDSLI;1201
5257;KOKSTAD;1201
5258;BLOMSTERDALEN;1201
5259;HJELLESTAD;1201
5260;INDRE ARNA;1201
5261;INDRE ARNA;1201
5262;ARNATVEIT;1201
5263;TRENGEREID;1201
5264;GARNES;1201
5265;YTRE ARNA;1201
5267;ESPELAND;1201
5268;HAUKELAND;1201
5281;VALESTRANDSFOSSEN;1253
5282;LONEVÅG;1253
5283;FOTLANDSVÅG;1253
5284;TYSSEBOTNEN;1253
5285;BRUVIK;1253
5286;HAUS;1253
5291;VALESTRANDSFOSSEN;1253
5293;LONEVÅG;1253
5299;HAUS;1253
5300;KLEPPESTØ;1247
5301;KLEPPESTØ;1247
5302;STRUSSHAMN;1247
5303;FOLLESE;1247
5304;HETLEVIK;1247
5305;FLORVÅG;1247
5306;ERDAL;1247
5307;ASK;1247
5308;KLEPPESTØ;1247
5309;KLEPPESTØ;1247
5310;HAUGLANDSHELLA;1247
5311;KJERRGARDEN;1247
5314;KJERRGARDEN;1247
5315;HERDLA;1247
5318;STRUSSHAMN;1247
5319;KLEPPESTØ;1247
5321;KLEPPESTØ;1247
5322;KLEPPESTØ;1247
5323;KLEPPESTØ;1247
5325;FOLLESE;1247
5326;ASK;1247
5327;HAUGLANDSHELLA;1247
5329;FLORVÅG;1247
5331;RONG;1259
5333;TJELDSTØ;1259
5334;HELLESØY;1259
5335;HERNAR;1259
5336;TJELDSTØ;1259
5337;RONG;1259
5341;STRAUME;1246
5342;STRAUME;1246
5343;STRAUME;1246
5345;KNARREVIK;1246
5346;ÅGOTNES;1246
5347;ÅGOTNES;1246
5350;BRATTHOLMEN;1246
5353;STRAUME;1246
5354;STRAUME;1246
5355;KNARREVIK;1246
5357;FJELL;1246
5358;FJELL;1246
5360;KOLLTVEIT;1246
5363;ÅGOTNES;1246
5365;TURØY;1246
5366;MISJE;1246
5371;SKOGSVÅG;1245
5374;STEINSLAND;1245
5378;KLOKKARVIK;1245
5379;STEINSLAND;1245
5380;TÆLAVÅG;1245
5381;GLESVÆR;1245
5382;SKOGSVÅG;1245
5384;TORANGSVÅG;1244
5385;BAKKASUND;1244
5387;MØKSTER;1244
5388;LITLAKALSØY;1244
5392;STOREBØ;1244
5393;STOREBØ;1244
5394;KOLBEINSVIK;1244
5396;VESTRE VINNESVÅG;1244
5397;BEKKJARVIK;1244
5398;STOLMEN;1244
5399;BEKKJARVIK;1244
5400;Stord;1221
5401;STORD;1221
5402;STORD;1221
5403;STORD;1221
5404;STORD;1221
5406;STORD;1221
5407;STORD;1221
5408;SAGVÅG;1221
5409;STORD;1221
5410;SAGVÅG;1221
5411;STORD;1221
5412;STORD;1221
5413;HUGLO;1221
5414;STORD;1221
5415;STORD;1221
5416;STORD;1221
5417;STORD;1221
5418;FITJAR;1222
5419;FITJAR;1222
5420;RUBBESTADNESET;1219
5423;BRANDASUND;1219
5427;URANGSVÅG;1219
5428;FOLDRØYHAMN;1219
5430;BREMNES;1219
5437;FINNÅS;1219
5440;MOSTERHAMN;1219
5443;BØMLO;1219
5444;ESPEVÆR;1219
5445;BREMNES;1219
5447;MOSTERHAMN;1219
5449;BØMLO;1219
5450;SUNDE I SUNNHORDLAND;1224
5451;VALEN;1224
5452;SANDVOLL;1224
5453;UTÅKER;1224
5454;SÆBØVIK;1224
5455;HALSNØY KLOSTER;1224
5457;HØYLANDSBYGD;1224
5458;ARNAVIK;1224
5459;FJELBERG;1224
5460;HUSNES;1224
5462;HERØYSUNDET;1224
5463;USKEDALEN;1224
5464;DIMMELSVIK;1224
5465;USKEDALEN;1224
5470;ROSENDAL;1224
5472;SEIMSFOSS;1224
5473;SNILSTVEITØY;1224
5474;LØFALLSTRAND;1224
5475;ÆNES;1224
5476;MAURANGER;1224
5480;HUSNES;1224
5484;SÆBØVIK;1224
5486;ROSENDAL;1224
5498;MATRE;1224
5499;ÅKRA;1224
5500;Haugesund;1106
5501;HAUGESUND;1106
5502;HAUGESUND;1106
5503;HAUGESUND;1106
5504;HAUGESUND;1106
5505;HAUGESUND;1106
5506;HAUGESUND;1106
5507;HAUGESUND;1106
5508;KARMSUND;1149
5509;HAUGESUND;1106
5511;HAUGESUND;1106
5512;HAUGESUND;1106
5514;HAUGESUND;1106
5515;HAUGESUND;1106
5516;HAUGESUND;1106
5517;HAUGESUND;1106
5518;HAUGESUND;1106
5519;HAUGESUND;1106
5521;HAUGESUND;1106
5522;HAUGESUND;1106
5523;HAUGESUND;1106
5525;HAUGESUND;1106
5527;HAUGESUND;1106
5528;HAUGESUND;1106
5529;HAUGESUND;1106
5531;HAUGESUND;1106
5532;HAUGESUND;1106
5533;HAUGESUND;1106
5534;HAUGESUND;1106
5535;HAUGESUND;1106
5536;HAUGESUND;1106
5537;HAUGESUND;1106
5538;HAUGESUND;1106
5541;KOLNES;1149
5542;KARMSUND;1149
5544;VORMEDAL;1149
5545;VORMEDAL;1149
5546;RØYKSUND;1149
5547;UTSIRA;1151
5548;FEØY;1149
5549;RØVÆR;1106
5550;SVEIO;1216
5551;AUKLANDSHAMN;1216
5554;VALEVÅG;1216
5555;FØRDE I HORDALAND;1216
5559;SVEIO;1216
5560;NEDSTRAND;1146
5561;BOKN;1145
5562;NEDSTRAND;1146
5563;FØRRESFJORDEN;1146
5565;TYSVÆRVÅG;1146
5566;HERVIK;1146
5567;SKJOLDASTRAUMEN;1146
5568;VIKEBYGD;1160
5570;AKSDAL;1146
5574;SKJOLD;1160
5575;AKSDAL;1146
5576;ØVRE VATS;1160
5578;NEDRE VATS;1160
5580;ØLEN;1160
5582;ØLENSVÅG;1160
5583;VIKEDAL;1160
5584;BJOA;1160
5585;SANDEID;1160
5586;VIKEDAL;1160
5588;ØLEN;1160
5589;SANDEID;1160
5590;ETNE;1211
5591;ETNE;1211
5593;SKÅNEVIK;1211
5594;SKÅNEVIK;1211
5595;FØRRESFJORDEN;1146
5596;MARKHUS;1211
5598;FJÆRA;1211
5600;NORHEIMSUND;1238
5601;NORHEIMSUND;1238
5602;NORHEIMSUND;1238
5604;ØYSTESE;1238
5605;ÅLVIK;1238
5610;ØYSTESE;1238
5612;STEINSTØ;1238
5614;ÅLVIK;1238
5620;TØRVIKBYGD;1238
5626;KYSNESSTRAND;1227
5627;JONDAL;1227
5628;HERAND;1227
5629;JONDAL;1227
5630;STRANDEBARM;1238
5631;STRANDEBARM;1238
5632;OMASTRAND;1238
5633;OMASTRAND;1238
5635;HATLESTRAND;1224
5636;VARALDSØY;1224
5637;ØLVE;1224
5640;EIKELANDSOSEN;1241
5641;FUSA;1241
5642;HOLMEFJORD;1241
5643;STRANDVIK;1241
5644;SÆVAREID;1241
5645;SÆVAREID;1241
5646;NORDTVEITGREND;1241
5647;BALDERSHEIM;1241
5648;FUSA;1241
5649;EIKELANDSOSEN;1241
5650;TYSSE;1242
5651;TYSSE;1242
5652;ÅRLAND;1242
5653;ÅRLAND;1242
5658;Årland i Samnanger;1242
5680;TYSNES;1223
5683;REKSTEREN;1223
5685;UGGDAL;1223
5687;FLATRÅKER;1223
5690;LUNDEGREND;1223
5693;ÅRBAKKA;1223
5694;ONARHEIM;1223
5695;UGGDAL;1223
5696;TYSNES;1223
5700;VOSS;1235
5701;VOSS;1235
5702;VOSS;1235
5703;VOSS;1235
5704;VOSS;1235
5705;VOSS;1235
5706;VOSS;1235
5707;EVANGER;1235
5708;VOSS;1235
5709;VOSS;1235
5710;SKULESTADMO;1235
5711;SKULESTADMO;1235
5712;VOSSESTRAND;1235
5713;VOSSESTRAND;1235
5714;VOSS;1235
5715;STALHEIM;1235
5718;MYRDAL;1421
5719;FINSE;1233
5720;STANGHELLE;1251
5721;DALEKVAM;1251
5722;DALEKVAM;1251
5723;BOLSTADØYRI;1235
5724;STANGHELLE;1251
5725;VAKSDAL;1251
5726;VAKSDAL;1251
5727;STAMNES;1251
5728;EIDSLANDET;1251
5729;MODALEN;1252
5730;ULVIK;1233
5731;ULVIK;1233
5732;MODALEN;1252
5733;GRANVIN;1234
5734;VALLAVIK;1233
5736;GRANVIN;1234
5741;AURLAND;1421
5742;FLÅM;1421
5743;FLÅM;1421
5745;AURLAND;1421
5746;UNDREDAL;1421
5747;GUDVANGEN;1421
5748;STYVI;1421
5749;BAKKA;1421
5750;ODDA;1228
5751;ODDA;1228
5752;ODDA;1228
5760;RØLDAL;1228
5763;SKARE;1228
5770;TYSSEDAL;1228
5773;HOVLAND;1231
5776;NÅ;1231
5777;GRIMO;1231
5778;UTNE;1231
5779;UTNE;1231
5780;KINSARVIK;1231
5781;LOFTHUS;1231
5782;KINSARVIK;1231
5783;EIDFJORD;1232
5784;ØVRE EIDFJORD;1232
5785;VØRINGSFOSS;1232
5786;EIDFJORD;1232
5787;LOFTHUS;1231
5788;KINSARVIK;1231
5802;BERGEN;1201
5803;BERGEN;1201
5804;BERGEN;1201
5805;BERGEN;1201
5806;BERGEN;1201
5807;BERGEN;1201
5808;BERGEN;1201
5809;BERGEN;1201
5810;BERGEN;1201
5811;BERGEN;1201
5812;BERGEN;1201
5813;BERGEN;1201
5814;BERGEN;1201
5815;BERGEN;1201
5816;BERGEN;1201
5817;BERGEN;1201
5818;BERGEN;1201
5819;BERGEN;1201
5820;BERGEN;1201
5821;BERGEN;1201
5822;BERGEN;1201
5823;BERGEN;1201
5824;BERGEN;1201
5825;BERGEN;1201
5826;BERGEN;1201
5827;BERGEN;1201
5828;BERGEN;1201
5829;BERGEN;1201
5830;BERGEN;1201
5831;BERGEN;1201
5832;BERGEN;1201
5833;BERGEN;1201
5834;BERGEN;1201
5835;BERGEN;1201
5836;BERGEN;1201
5837;BERGEN;1201
5838;BERGEN;1201
5841;BERGEN;1201
5843;BERGEN;1201
5844;BERGEN;1201
5845;BERGEN;1201
5847;BERGEN;1201
5848;BERGEN;1201
5849;BERGEN;1201
5851;BERGEN;1201
5852;BERGEN;1201
5853;BERGEN;1201
5854;BERGEN;1201
5855;BERGEN;1201
5857;BERGEN;1201
5858;BERGEN;1201
5859;BERGEN;1201
5861;BERGEN;1201
5862;BERGEN;1201
5863;BERGEN;1201
5864;BERGEN;1201
5865;BERGEN;1201
5866;BERGEN;1201
5867;BERGEN;1201
5868;BERGEN;1201
5869;BERGEN;1201
5870;Øvre Årdal;1424
5872;BERGEN;1201
5873;BERGEN;1201
5876;BERGEN;1201
5877;BERGEN;1201
5878;BERGEN;1201
5879;BERGEN;1201
5881;BERGEN;1201
5882;Bergen;1201
5884;BERGEN;1201
5886;BERGEN;1201
5887;BERGEN;1201
5888;BERGEN;1201
5889;BERGEN;1201
5890;Lærdal;1422
5892;BERGEN;1201
5893;BERGEN;1201
5895;BERGEN;1201
5896;BERGEN;1201
5899;BERGEN;1201
5902;ISDALSTØ;1263
5903;ISDALSTØ;1263
5904;ISDALSTØ;1263
5906;FREKHAUG;1256
5907;ALVERSUND;1263
5908;ISDALSTØ;1263
5911;ALVERSUND;1263
5912;SEIM;1263
5913;EIKANGERVÅG;1263
5914;ISDALSTØ;1263
5915;HJELMÅS;1263
5916;ISDALSTØ;1263
5917;ROSSLAND;1256
5918;FREKHAUG;1256
5920;Nessane;1418
5930;Vadheim;1416
5931;MANGER;1260
5936;MANGER;1260
5937;BØVÅGEN;1260
5938;SÆBØVÅGEN;1260
5939;SLETTA;1260
5941;AUSTRHEIM;1264
5943;AUSTRHEIM;1264
5947;FEDJE;1265
5948;FEDJE;1265
5951;LINDÅS;1263
5952;FONNES;1264
5953;FONNES;1264
5954;MONGSTAD;1263
5955;LINDÅS;1263
5956;HUNDVIN;1263
5957;MYKING;1263
5960;DALSØYRA;1411
5961;BREKKE;1411
5962;BJORDAL;1416
5966;EIVINDVIK;1411
5967;EIVINDVIK;1411
5970;BYRKNESØY;1411
5977;ÅNNELAND;1411
5978;MJØMNA;1411
5979;BYRKNESØY;1411
5981;MASFJORDNES;1266
5983;HAUGSVÆR;1266
5984;MATREDAL;1266
5986;HOSTELAND;1266
5987;HOSTELAND;1266
5991;OSTEREIDET;1263
5993;OSTEREIDET;1263
5994;VIKANES;1263
6000;Ålesund;1504
6001;ÅLESUND;1504
6002;ÅLESUND;1504
6003;ÅLESUND;1504
6004;ÅLESUND;1504
6005;ÅLESUND;1504
6006;ÅLESUND;1504
6007;ÅLESUND;1504
6008;ÅLESUND;1504
6009;ÅLESUND;1504
6010;ÅLESUND;1504
6011;ÅLESUND;1504
6012;ÅLESUND;1504
6013;ÅLESUND;1504
6014;ÅLESUND;1504
6015;ÅLESUND;1504
6016;ÅLESUND;1504
6017;ÅLESUND;1504
6018;ÅLESUND;1504
6019;ÅLESUND;1504
6020;ÅLESUND;1504
6021;ÅLESUND;1504
6022;ÅLESUND;1504
6023;ÅLESUND;1504
6024;ÅLESUND;1504
6025;ÅLESUND;1504
6026;ÅLESUND;1504
6028;ÅLESUND;1504
6030;LANGEVÅG;1531
6035;FISKARSTRAND;1531
6036;MAUSEIDVÅG;1531
6037;EIDSNES;1531
6038;FISKARSTRAND;1531
6039;LANGEVÅG;1531
6040;VIGRA;1532
6044;ÅLESUND;1504
6045;ÅLESUND;1504
6046;ÅLESUND;1504
6047;ÅLESUND;1504
6048;ÅLESUND;1504
6050;VALDERØYA;1532
6051;VALDERØYA;1532
6052;GISKE;1532
6055;GODØYA;1532
6057;ELLINGSØY;1504
6058;VALDERØYA;1532
6059;VIGRA;1532
6060;HAREID;1517
6062;BRANDAL;1517
6063;HJØRUNGAVÅG;1517
6064;HADDAL;1516
6065;ULSTEINVIK;1516
6067;ULSTEINVIK;1516
6068;EIKSUND;1516
6069;HAREID;1517
6070;TJØRVÅG;1515
6076;MOLTUSTRANDA;1515
6080;GURSKØY;1515
6082;GURSKEN;1514
6083;GJERDSVIKA;1514
6084;LARSNES;1514
6085;LARSNES;1514
6087;KVAMSØY;1514
6089;SANDSHAMN;1514
6090;FOSNAVÅG;1515
6091;FOSNAVÅG;1515
6092;FOSNAVÅG;1515
6094;LEINØY;1515
6095;BØLANDET;1515
6096;RUNDE;1515
6098;NERLANDSØY;1515
6099;FOSNAVÅG;1515
6100;VOLDA;1519
6101;VOLDA;1519
6102;VOLDA;1519
6103;VOLDA;1519
6104;VOLDA;1519
6105;VOLDA;1519
6106;VOLDA;1519
6110;AUSTEFJORDEN;1519
6120;FOLKESTAD;1519
6133;LAUVSTAD;1519
6139;FISKÅ;1511
6140;SYVDE;1511
6141;ROVDE;1511
6142;EIDSÅ;1511
6143;FISKÅ;1511
6144;SYLTE;1511
6146;ÅHEIM;1511
6149;ÅRAM;1511
6150;ØRSTA;1520
6151;ØRSTA;1520
6152;ØRSTA;1520
6153;ØRSTA;1520
6154;ØRSTA;1520
6155;ØRSTA;1520
6156;ØRSTA;1520
6160;HOVDEBYGDA;1520
6161;HOVDEBYGDA;1520
6165;SÆBØ;1520
6166;SÆBØ;1520
6170;VARTDAL;1520
6174;BARSTADVIK;1520
6183;TRANDAL;1520
6184;STORESTANDAL;1520
6190;BJØRKE;1520
6196;NORANGSFJORDEN;1520
6200;STRANDA;1525
6201;STRANDA;1525
6210;VALLDAL;1524
6211;VALLDAL;1524
6212;LIABYGDA;1525
6213;TAFJORD;1524
6214;NORDDAL;1524
6215;EIDSDAL;1524
6216;GEIRANGER;1525
6218;HELLESYLT;1525
6220;STRAUMGJERDE;1528
6222;IKORNNES;1528
6224;HUNDEIDVIK;1528
6230;SYKKYLVEN;1528
6238;STRAUMGJERDE;1528
6239;SYKKYLVEN;1528
6240;ØRSKOG;1523
6249;ØRSKOG;1523
6250;STORDAL;1526
6254;Vaksvik;1523
6259;STORDAL;1526
6260;SKODJE;1529
6263;SKODJE;1529
6264;TENNFJORD;1534
6265;VATNE;1534
6270;BRATTVÅG;1534
6272;HILDRE;1534
6280;SØVIK;1534
6281;SØVIK;1534
6282;BRATTVÅG;1534
6283;VATNE;1534
6285;STOREKALVØY;1534
6290;HARAMSØY;1534
6292;KJERSTAD;1534
6293;LONGVA;1534
6294;FJØRTOFT;1534
6300;ÅNDALSNES;1539
6301;ÅNDALSNES;1539
6310;VEBLUNGSNES;1539
6315;INNFJORDEN;1539
6320;ISFJORDEN;1539
6330;VERMA;1539
6339;ISFJORDEN;1539
6350;EIDSBYGDA;1539
6360;ÅFARNES;1539
6363;MITTET;1539
6364;VISTDAL;1543
6375;Hovdenakken;1502
6380;Tresfjord;1535
6386;MÅNDALEN;1539
6387;VÅGSTRANDA;1539
6390;VESTNES;1535
6391;TRESFJORD;1535
6392;VIKEBUKT;1535
6393;TOMREFJORD;1535
6394;FIKSDAL;1535
6395;REKDAL;1535
6396;VIKEBUKT;1535
6397;TRESFJORD;1535
6398;TOMREFJORD;1535
6399;VESTNES;1535
6400;Molde;1502
6401;MOLDE;1502
6402;MOLDE;1502
6403;MOLDE;1502
6404;MOLDE;1502
6405;MOLDE;1502
6407;MOLDE;1502
6408;AUREOSEN;1548
6409;MOLDE;1547
6410;MOLDE;1502
6411;MOLDE;1502
6412;MOLDE;1502
6413;MOLDE;1502
6414;MOLDE;1502
6415;MOLDE;1502
6416;MOLDE;1502
6418;SEKKEN;1502
6419;MOLDE;1502
6420;Aukra;1547
6421;MOLDE;1502
6422;MOLDE;1502
6423;MOLDE;1502
6425;MOLDE;1502
6429;MOLDE;1502
6430;BUD;1548
6431;BUD;1548
6433;HUSTAD;1548
6434;MOLDE;1502
6435;MOLDE;1502
6436;MOLDE;1502
6438;Vikan i Romsdal;1548
6440;ELNESVÅGEN;1548
6443;TORNES I ROMSDAL;1548
6444;FARSTAD;1548
6445;MALMEFJORDEN;1548
6447;ELNESVÅGEN;1548
6450;HJELSET;1502
6453;KLEIVE;1502
6454;HJELSET;1502
6455;KORTGARDEN;1502
6456;SKÅLA;1502
6457;BOLSØYA;1502
6460;EIDSVÅG I ROMSDAL;1543
6461;EIDSVÅG I ROMSDAL;1543
6462;RAUDSAND;1543
6470;ERESFJORD;1543
6472;EIKESDAL;1543
6475;MIDSUND;1545
6476;MIDSUND;1545
6480;AUKRA;1547
6481;AUKRA;1547
6483;ONA;1546
6484;SANDØY;1546
6486;ORTEN;1546
6487;HARØY;1546
6488;MYKLEBOST;1546
6490;EIDE;1551
6493;LYNGSTAD;1551
6494;VEVANG;1551
6499;EIDE;1551
6500;Kristiansund N;1505
6501;KRISTIANSUND N;1505
6502;KRISTIANSUND N;1505
6503;KRISTIANSUND N;1505
6504;KRISTIANSUND N;1505
6506;KRISTIANSUND N;1505
6507;KRISTIANSUND N;1505
6508;KRISTIANSUND N;1505
6509;KRISTIANSUND N;1505
6510;KRISTIANSUND N;1505
6511;KRISTIANSUND N;1505
6512;KRISTIANSUND N;1505
6514;KRISTIANSUND N;1505
6515;KRISTIANSUND N;1505
6516;KRISTIANSUND N;1505
6517;KRISTIANSUND N;1505
6518;KRISTIANSUND N;1505
6520;FREI;1505
6521;FREI;1505
6522;FREI;1505
6523;FREI;1505
6524;FREI;1505
6525;FREI;1505
6529;FREI;1505
6530;AVERØY;1554
6538;AVERØY;1554
6539;AVERØY;1554
6546;KRISTIANSUND N;1505
6547;KRISTIANSUND N;1505
6548;KRISTIANSUND N;1505
6549;KRISTIANSUND N;1505
6570;SMØLA;1573
6571;SMØLA;1573
6590;TUSTNA;1576
6600;SUNNDALSØRA;1563
6601;SUNNDALSØRA;1563
6610;ØKSENDAL;1563
6611;FURUGRENDA;1563
6612;GRØA;1563
6613;GJØRA;1563
6620;ÅLVUNDEID;1563
6622;ÅLVUNDFJORD;1563
6628;MEISINGSET;1560
6629;TORJULVÅGEN;1560
6630;TINGVOLL;1560
6631;BATNFJORDSØRA;1557
6633;GJEMNES;1557
6636;ANGVIK;1557
6637;FLEMMA;1557
6638;OSMARKA;1557
6639;TORVIKBUKT;1557
6640;KVANNE;1566
6642;STANGVIK;1566
6643;BØFJORDEN;1566
6644;BÆVERFJORD;1566
6645;TODALEN;1566
6650;SURNADAL;1566
6652;SURNA;1566
6653;ØVRE SURNADAL;1566
6655;VINDØLA;1566
6656;SURNADAL;1566
6657;RINDAL;1567
6658;RINDALSSKOGEN;1567
6659;RINDAL;1567
6670;ØYDEGARD;1560
6674;KVISVIK;1560
6680;HALSANAUSTAN;1571
6683;VÅGLAND;1571
6686;VALSØYBOTN;1571
6687;VALSØYFJORD;1571
6688;VÅGLAND;1571
6689;AURE;1576
6690;AURE;1576
6693;MJOSUNDET;1576
6694;FOLDFJORDEN;1576
6697;VIHALS;1576
6698;LESUND;1576
6699;KJØRSVIKBUGEN;1576
6700;MÅLØY;1439
6701;MÅLØY;1439
6702;MÅLØY;1439
6703;MÅLØY;1439
6704;DEKNEPOLLEN;1439
6707;RAUDEBERG;1439
6708;BRYGGJA;1439
6710;RAUDEBERG;1439
6711;BRYGGJA;1439
6713;ALMENNINGEN;1439
6714;SILDA;1439
6715;BARMEN;1441
6716;HUSEVÅG;1439
6717;FLATRAKET;1441
6718;DEKNEPOLLEN;1439
6719;SKATESTRAUMEN;1438
6721;SVELGEN;1438
6723;SVELGEN;1438
6726;BREMANGER;1438
6727;BREMANGER;1438
6728;KALVÅG;1438
6729;KALVÅG;1438
6730;DAVIK;1438
6734;RUGSUND;1438
6737;ÅLFOTEN;1438
6740;SELJE;1441
6741;SELJE;1441
6743;Årsheim;1441
6750;STADLANDET;1441
6751;STADLANDET;1441
6761;HORNINDAL;1444
6763;HORNINDAL;1444
6770;NORDFJORDEID;1443
6771;NORDFJORDEID;1443
6772;NORDFJORDEID;1443
6776;KJØLSDALEN;1443
6777;STÅRHEIM;1443
6778;LOTE;1443
6779;HOLMØYANE;1443
6781;STRYN;1449
6782;STRYN;1449
6783;STRYN;1449
6784;OLDEN;1449
6788;OLDEN;1449
6789;LOEN;1449
6791;OLDEDALEN;1449
6792;BRIKSDALSBRE;1449
6793;INNVIK;1449
6795;BLAKSÆTER;1449
6796;HOPLAND;1449
6797;UTVIK;1449
6798;HJELLEDALEN;1449
6799;OPPSTRYN;1449
6800;FØRDE;1432
6801;FØRDE;1432
6802;FØRDE;1432
6803;FØRDE;1432
6804;FØRDE;1432
6805;FØRDE;1432
6806;NAUSTDAL;1433
6807;FØRDE;1432
6808;FØRDE;1432
6809;FØRDE;1432
6810;FØRDE;1432
6811;FØRDE;1432
6812;FØRDE;1432
6813;FØRDE;1432
6814;FØRDE;1432
6815;FØRDE;1432
6817;NAUSTDAL;1433
6818;HAUKEDALEN;1432
6819;FØRDE;1432
6821;SANDANE;1445
6822;SANDANE;1445
6823;SANDANE;1445
6826;BYRKJELO;1445
6827;BREIM;1445
6828;HESTENESØYRA;1445
6829;HYEN;1445
6841;SKEI I JØLSTER;1431
6843;SKEI I JØLSTER;1431
6847;VASSENDEN;1431
6848;FJÆRLAND;1420
6849;KAUPANGER;1420
6851;SOGNDAL;1420
6852;SOGNDAL;1420
6853;SOGNDAL;1420
6854;KAUPANGER;1420
6855;FRØNNINGEN;1422
6856;SOGNDAL;1420
6858;FARDAL;1420
6859;SLINDE;1420
6861;LEIKANGER;1419
6863;LEIKANGER;1419
6866;GAUPNE;1426
6868;GAUPNE;1426
6869;HAFSLO;1426
6870;ORNES;1426
6871;JOSTEDAL;1426
6872;LUSTER;1426
6873;MARIFJØRA;1426
6875;HØYHEIMSVIK;1426
6876;SKJOLDEN;1426
6877;FORTUN;1426
6878;VEITASTROND;1426
6879;SOLVORN;1426
6881;ÅRDALSTANGEN;1424
6882;ØVRE ÅRDAL;1424
6884;ØVRE ÅRDAL;1424
6885;ÅRDALSTANGEN;1424
6886;LÆRDAL;1422
6887;LÆRDAL;1422
6888;BORGUND;1422
6891;VIK I SOGN;1417
6893;VIK I SOGN;1417
6894;VANGSNES;1417
6895;FEIOS;1417
6896;FRESVIK;1417
6898;BALESTRAND;1418
6899;BALESTRAND;1418
6900;FLORØ;1401
6901;FLORØ;1401
6902;FLORØ;1401
6903;FLORØ;1401
6909;FLORØ;1401
6912;KINN;1401
6914;SVANØYBUKT;1401
6915;ROGNALDSVÅG;1401
6916;BAREKSTAD;1401
6917;BATALDEN;1401
6918;SØR-SKORPA;1401
6919;TANSØY;1401
6921;HARDBAKKE;1412
6924;HARDBAKKE;1412
6926;KRAKHELLA;1412
6927;YTRØYGREND;1412
6928;KOLGROV;1412
6929;HERSVIKBYGDA;1412
6940;EIKEFJORD;1401
6941;EIKEFJORD;1401
6942;SVORTEVIK;1401
6944;STAVANG;1401
6946;LAVIK;1416
6947;LAVIK;1416
6951;LEIRVIK I SOGN;1413
6953;LEIRVIK I SOGN;1413
6957;HYLLESTAD;1413
6958;SØRBØVÅG;1413
6961;DALE I SUNNFJORD;1429
6963;DALE I SUNNFJORD;1429
6964;KORSSUND;1429
6966;GUDDAL;1429
6967;HELLEVIK I FJALER;1429
6968;FLEKKE;1429
6969;STRAUMSNES;1429
6971;SANDE I SUNNFJORD;1430
6973;SANDE I SUNNFJORD;1430
6975;SKILBREI;1430
6977;BYGSTAD;1430
6978;VIKSDALEN;1430
6980;ASKVOLL;1428
6981;HOLMEDAL;1428
6982;HOLMEDAL;1428
6983;KVAMMEN;1428
6984;STONGFJORDEN;1428
6985;ATLØY;1428
6986;VÆRLANDET;1428
6987;BULANDET;1428
6988;ASKVOLL;1428
6991;HØYANGER;1416
6993;HØYANGER;1416
6995;KYRKJEBØ;1416
6996;VADHEIM;1416
7000;Trondheim;1601
7003;TRONDHEIM;1601
7004;TRONDHEIM;1601
7005;TRONDHEIM;1601
7006;TRONDHEIM;1601
7010;TRONDHEIM;1601
7011;TRONDHEIM;1601
7012;TRONDHEIM;1601
7013;TRONDHEIM;1601
7014;TRONDHEIM;1601
7015;TRONDHEIM;1601
7016;TRONDHEIM;1601
7017;TRONDHEIM;1601
7018;TRONDHEIM;1601
7019;TRONDHEIM;1601
7020;TRONDHEIM;1601
7021;TRONDHEIM;1601
7022;TRONDHEIM;1601
7023;TRONDHEIM;1601
7024;TRONDHEIM;1601
7025;TRONDHEIM;1601
7026;TRONDHEIM;1601
7027;TRONDHEIM;1601
7028;TRONDHEIM;1601
7029;TRONDHEIM;1601
7030;TRONDHEIM;1601
7031;TRONDHEIM;1601
7032;TRONDHEIM;1601
7033;TRONDHEIM;1601
7034;TRONDHEIM;1601
7035;TRONDHEIM;1601
7036;TRONDHEIM;1601
7037;TRONDHEIM;1601
7038;TRONDHEIM;1601
7039;TRONDHEIM;1601
7040;TRONDHEIM;1601
7041;TRONDHEIM;1601
7042;TRONDHEIM;1601
7043;TRONDHEIM;1601
7044;TRONDHEIM;1601
7045;TRONDHEIM;1601
7046;TRONDHEIM;1601
7047;TRONDHEIM;1601
7048;TRONDHEIM;1601
7049;TRONDHEIM;1601
7050;TRONDHEIM;1601
7051;TRONDHEIM;1601
7052;TRONDHEIM;1601
7053;RANHEIM;1601
7054;RANHEIM;1601
7055;RANHEIM;1601
7056;RANHEIM;1601
7057;JONSVATNET;1601
7058;JAKOBSLI;1601
7059;JAKOBSLI;1601
7067;TRONDHEIM;1601
7068;TRONDHEIM;1601
7069;TRONDHEIM;1601
7070;BOSBERG;1601
7071;TRONDHEIM;1601
7072;HEIMDAL;1601
7074;SPONGDAL;1601
7075;TILLER;1601
7078;SAUPSTAD;1601
7079;FLATÅSEN;1601
7080;HEIMDAL;1601
7081;SJETNEMARKA;1601
7082;KATTEM;1601
7083;LEINSTRAND;1601
7088;HEIMDAL;1601
7089;HEIMDAL;1601
7091;TILLER;1601
7092;TILLER;1601
7093;TILLER;1601
7097;SAUPSTAD;1601
7098;SAUPSTAD;1601
7099;FLATÅSEN;1601
7100;RISSA;1624
7101;RISSA;1624
7105;STADSBYGD;1624
7110;FEVÅG;1624
7112;HASSELVIKA;1624
7113;HUSBYSJØEN;1624
7114;RÅKVÅG;1624
7119;STADSBYGD;1624
7120;LEKSVIK;1718
7121;LEKSVIK;1718
7125;VANVIKAN;1718
7126;VANVIKAN;1718
7127;OPPHAUG;1621
7129;BREKSTAD;1621
7130;BREKSTAD;1621
7140;OPPHAUG;1621
7142;UTHAUG;1621
7150;STORFOSNA;1621
7152;KRÅKVÅG;1621
7153;GARTEN;1621
7156;LEKSA;1622
7159;BJUGN;1627
7160;BJUGN;1627
7165;OKSVOLL;1627
7166;TARVA;1627
7167;VALLERSUND;1627
7168;LYSØYSUNDET;1627
7169;ÅFJORD;1630
7170;ÅFJORD;1630
7176;LINESØYA;1630
7177;REVSNES;1630
7178;STOKKØY;1630
7180;ROAN;1632
7190;BESSAKER;1632
7194;BRANDSFJORD;1632
7200;KYRKSÆTERØRA;1612
7201;KYRKSÆTERØRA;1612
7203;VINJEØRA;1612
7206;HELLANDSJØEN;1612
7211;KORSVEGEN;1653
7212;KORSVEGEN;1653
7213;GÅSBAKKEN;1653
7221;MELHUS;1653
7223;MELHUS;1653
7224;MELHUS;1653
7227;GIMSE;1653
7228;KVÅL;1653
7231;LUNDAMO;1653
7232;LUNDAMO;1653
7234;LER;1653
7235;LER;1653
7236;HOVIN I GAULDAL;1653
7238;HOVIN I GAULDAL;1653
7239;HITRA;1617
7240;HITRA;1617
7241;ANSNES;1617
7242;KNARRLAGSUND;1617
7243;KVENVÆR;1617
7246;SANDSTAD;1617
7247;HESTVIKA;1617
7250;MELANDSJØ;1617
7252;DOLMØY;1617
7255;SUNDLANDET;1613
7256;HEMNSKJELA;1613
7257;SNILLFJORD;1613
7259;SNILLFJORD;1613
7260;SISTRANDA;1620
7261;SISTRANDA;1620
7263;HAMARVIK;1620
7264;HAMARVIK;1620
7266;KVERVA;1620
7268;TITRAN;1620
7270;DYRVIK;1620
7273;NORDDYRØY;1620
7280;SULA;1620
7282;BOGØYVÆR;1620
7284;MAUSUND;1620
7285;GJÆSINGEN;1620
7286;SØRBURØY;1620
7287;SAUØY;1620
7288;SOKNEDAL;1648
7289;SOKNEDAL;1648
7290;STØREN;1648
7291;STØREN;1648
7295;ROGNES;1648
7298;BUDALEN;1648
7300;ORKANGER;1638
7301;ORKANGER;1638
7302;ORKANGER;1638
7310;GJØLME;1638
7315;LENSVIK;1622
7316;LENSVIK;1622
7318;AGDENES;1622
7319;AGDENES;1622
7320;FANNREM;1638
7321;FANNREM;1638
7327;SVORKMO;1638
7329;SVORKMO;1638
7331;LØKKEN VERK;1636
7332;LØKKEN VERK;1636
7333;STORÅS;1636
7334;STORÅS;1636
7335;JERPSTAD;1636
7336;MELDAL;1636
7338;MELDAL;1636
7340;OPPDAL;1634
7341;OPPDAL;1634
7342;LØNSET;1634
7343;VOGNILL;1634
7345;DRIVA;1634
7350;BUVIKA;1657
7351;BUVIKA;1657
7353;BØRSA;1657
7354;VIGGJA;1657
7355;EGGKLEIVA;1657
7357;SKAUN;1657
7358;BØRSA;1657
7361;RØROS;1640
7370;BREKKEBYGD;1640
7372;GLÅMOS;1640
7374;RØROS;1640
7380;ÅLEN;1644
7383;HALTDALEN;1644
7384;ÅLEN;1644
7386;SINGSÅS;1648
7387;SINGSÅS;1648
7391;RENNEBU;1635
7392;RENNEBU;1635
7393;RENNEBU;1635
7397;RENNEBU;1635
7398;RENNEBU;1635
7399;RENNEBU;1635
7400;TRONDHEIM;1601
7401;TRONDHEIM;1601
7402;TRONDHEIM;1601
7403;TRONDHEIM;1601
7404;TRONDHEIM;1601
7405;TRONDHEIM;1601
7406;TRONDHEIM;1601
7407;TRONDHEIM;1601
7408;TRONDHEIM;1601
7409;TRONDHEIM;1601
7410;TRONDHEIM;1601
7411;TRONDHEIM;1601
7412;TRONDHEIM;1601
7413;TRONDHEIM;1601
7414;TRONDHEIM;1601
7415;TRONDHEIM;1601
7416;TRONDHEIM;1601
7417;TRONDHEIM;1601
7418;TRONDHEIM;1601
7419;TRONDHEIM;1601
7420;TRONDHEIM;1601
7421;TRONDHEIM;1601
7422;TRONDHEIM;1601
7424;TRONDHEIM;1601
7425;TRONDHEIM;1601
7426;TRONDHEIM;1601
7427;TRONDHEIM;1601
7428;TRONDHEIM;1601
7429;TRONDHEIM;1601
7430;TRONDHEIM;1601
7431;TRONDHEIM;1601
7432;TRONDHEIM;1601
7433;TRONDHEIM;1601
7434;TRONDHEIM;1601
7435;TRONDHEIM;1601
7436;TRONDHEIM;1601
7437;TRONDHEIM;1601
7438;TRONDHEIM;1601
7439;TRONDHEIM;1601
7440;TRONDHEIM;1601
7441;TRONDHEIM;1601
7442;TRONDHEIM;1601
7443;TRONDHEIM;1601
7444;TRONDHEIM;1601
7445;TRONDHEIM;1601
7446;TRONDHEIM;1601
7447;TRONDHEIM;1601
7448;TRONDHEIM;1601
7449;TRONDHEIM;1601
7450;TRONDHEIM;1601
7451;TRONDHEIM;1601
7452;TRONDHEIM;1601
7453;TRONDHEIM;1601
7454;TRONDHEIM;1601
7455;TRONDHEIM;1601
7456;TRONDHEIM;1601
7457;TRONDHEIM;1601
7458;TRONDHEIM;1601
7459;TRONDHEIM;1601
7461;TRONDHEIM;1601
7462;TRONDHEIM;1601
7463;TRONDHEIM;1601
7465;TRONDHEIM;1601
7466;TRONDHEIM;1601
7467;TRONDHEIM;1601
7468;TRONDHEIM;1601
7469;TRONDHEIM;1601
7470;TRONDHEIM;1601
7471;TRONDHEIM;1601
7472;TRONDHEIM;1601
7473;TRONDHEIM;1601
7474;TRONDHEIM;1601
7475;TRONDHEIM;1601
7476;TRONDHEIM;1601
7477;TRONDHEIM;1601
7478;TRONDHEIM;1601
7479;TRONDHEIM;1601
7480;TRONDHEIM;1601
7481;TRONDHEIM;1601
7482;TRONDHEIM;1601
7483;TRONDHEIM;1601
7484;TRONDHEIM;1601
7485;TRONDHEIM;1601
7486;TRONDHEIM;1601
7487;TRONDHEIM;1601
7488;TRONDHEIM;1601
7489;TRONDHEIM;1601
7490;TRONDHEIM;1601
7491;TRONDHEIM;1601
7492;TRONDHEIM;1601
7493;TRONDHEIM;1601
7494;TRONDHEIM;1601
7495;TRONDHEIM;1601
7496;TRONDHEIM;1601
7497;TRONDHEIM;1601
7500;STJØRDAL;1714
7501;STJØRDAL;1714
7502;STJØRDAL;1714
7503;STJØRDAL;1714
7504;STJØRDAL;1714
7505;STJØRDAL;1714
7506;STJØRDAL;1714
7507;STJØRDAL;1714
7508;STJØRDAL;1714
7509;STJØRDAL;1714
7510;SKATVAL;1714
7512;STJØRDAL;1714
7513;STJØRDAL;1714
7514;STJØRDAL;1714
7517;HELL;1714
7519;ELVARLI;1714
7520;HEGRA;1714
7525;FLORNES;1714
7529;HEGRA;1714
7530;MERÅKER;1711
7531;MERÅKER;1711
7533;KOPPERÅ;1711
7540;KLÆBU;1662
7541;KLÆBU;1662
7549;TANEM;1662
7550;HOMMELVIK;1663
7551;HOMMELVIK;1663
7560;VIKHAMMER;1663
7562;SAKSVIK;1663
7563;MALVIK;1663
7566;VIKHAMMER;1663
7570;HELL;1714
7580;SELBU;1664
7581;SELBU;1664
7583;SELBU;1664
7584;SELBUSTRAND;1664
7585;Elvarli;1714
7590;TYDAL;1665
7591;TYDAL;1665
7596;FLAKNAN;1664
7600;LEVANGER;1719
7601;LEVANGER;1719
7602;LEVANGER;1719
7603;LEVANGER;1719
7604;LEVANGER;1719
7605;LEVANGER;1719
7606;LEVANGER;1719
7607;LEVANGER;1719
7608;LEVANGER;1719
7609;LEVANGER;1719
7610;LEVANGER;1719
7619;SKOGN;1719
7620;SKOGN;1719
7622;MARKABYGDA;1719
7623;RONGLAN;1719
7624;EKNE;1719
7629;YTTERØY;1719
7630;ÅSEN;1719
7631;ÅSEN;1719
7632;ÅSENFJORD;1719
7633;FROSTA;1717
7634;FROSTA;1717
7650;VERDAL;1721
7651;VERDAL;1721
7652;VERDAL;1721
7653;VERDAL;1721
7654;VERDAL;1721
7655;VERDAL;1721
7656;VERDAL;1721
7657;VERDAL;1721
7658;VERDAL;1721
7660;VUKU;1721
7670;INDERØY;1756
7671;INDERØY;1756
7672;INDERØY;1756
7690;MOSVIK;1756
7700;Steinkjer;1702
7701;STEINKJER;1702
7702;STEINKJER;1702
7703;STEINKJER;1702
7704;STEINKJER;1702
7705;STEINKJER;1702
7707;STEINKJER;1702
7708;STEINKJER;1702
7709;STEINKJER;1702
7710;SPARBU;1702
7711;STEINKJER;1702
7712;STEINKJER;1702
7713;STEINKJER;1702
7714;STEINKJER;1702
7715;STEINKJER;1702
7716;STEINKJER;1702
7717;STEINKJER;1702
7718;STEINKJER;1702
7724;STEINKJER;1702
7725;STEINKJER;1702
7726;STEINKJER;1702
7729;STEINKJER;1702
7730;BEITSTAD;1702
7732;STEINKJER;1702
7734;STEINKJER;1702
7735;STEINKJER;1702
7736;STEINKJER;1702
7737;STEINKJER;1702
7738;STEINKJER;1702
7739;BEITSTAD;1702
7740;STEINSDALEN;1633
7741;STEINSDALEN;1633
7742;YTTERVÅG;1633
7744;HEPSØY;1633
7745;OPPLAND;1749
7746;HASVÅG;1749
7748;SÆTERVIK;1633
7750;NAMDALSEID;1725
7751;NAMDALSEID;1725
7760;SNÅSA;1736
7761;SNÅSA;1736
7770;FLATANGER;1749
7771;FLATANGER;1749
7777;NORD-STATLAND;1725
7790;MALM;1724
7791;MALM;1724
7796;FOLLAFOSS;1724
7797;VERRABOTN;1724
7800;NAMSOS;1703
7801;NAMSOS;1703
7802;NAMSOS;1703
7803;NAMSOS;1703
7804;NAMSOS;1703
7805;NAMSOS;1703
7808;NAMSOS;1703
7810;NAMSOS;1703
7817;SALSNES;1748
7818;LUND;1751
7819;FOSSLANDSOSEN;1703
7820;SPILLUM;1703
7821;SPILLUM;1703
7822;BANGSUND;1703
7823;Sjøåsen;1725
7856;JØA;1748
7860;SKAGE I NAMDALEN;1744
7863;OVERHALLA;1744
7864;OVERHALLA;1744
7869;SKAGE I NAMDALEN;1744
7870;GRONG;1742
7871;GRONG;1742
7873;HARRAN;1742
7882;NORDLI;1738
7884;SØRLI;1738
7890;NAMSSKOGAN;1740
7892;TRONES;1740
7893;SKOROVATN;1740
7896;BREKKVASSELV;1740
7898;LIMINGEN;1739
7900;RØRVIK;1750
7901;RØRVIK;1750
7940;OTTERSØY;1751
7944;INDRE NÆRØY;1751
7950;ABELVÆR;1751
7960;SALSBRUKET;1751
7970;KOLVEREID;1751
7971;KOLVEREID;1751
7973;GJERDINGA;1751
7976;KONGSMOEN;1743
7977;HØYLANDET;1743
7980;TERRÅK;1811
7981;HARANGSFJORD;1811
7982;BINDALSEIDET;1811
7985;FOLDEREID;1751
7990;NAUSTBUKTA;1751
7993;GUTVIK;1755
7994;LEKA;1755
8000;Bodø;1804
8001;BODØ;1804
8002;BODØ;1804
8003;BODØ;1804
8004;BODØ;1804
8005;BODØ;1804
8006;BODØ;1804
8007;BODØ;1804
8008;BODØ;1804
8009;BODØ;1804
8010;BODØ;1804
8011;BODØ;1804
8012;BODØ;1804
8013;BODØ;1804
8014;BODØ;1804
8015;BODØ;1804
8016;BODØ;1804
8019;BODØ;1804
8020;BODØ;1804
8021;BODØ;1804
8022;BODØ;1804
8023;BODØ;1804
8026;BODØ;1804
8027;BODØ;1804
8028;BODØ;1804
8029;BODØ;1804
8030;BODØ;1804
8031;BODØ;1804
8037;BODØ;1804
8038;BODØ;1804
8041;BODØ;1804
8047;BODØ;1804
8048;BODØ;1804
8049;BODØ;1804
8050;TVERLANDET;1804
8056;SALTSTRAUMEN;1804
8058;TVERLANDET;1804
8061;Løpsmarka;1804
8063;VÆRØY;1857
8064;RØST;1856
8070;BODØ;1804
8071;BODØ;1804
8072;BODØ;1804
8073;BODØ;1804
8074;BODØ;1804
8075;BODØ;1804
8076;BODØ;1804
8079;BODØ;1804
8084;BODØ;1804
8086;BODØ;1804
8087;BODØ;1804
8088;BODØ;1804
8089;BODØ;1804
8091;BODØ;1804
8092;BODØ;1804
8093;KJERRINGØY;1804
8094;FLEINVÆR;1838
8095;HELLIGVÆR;1804
8096;BLIKSVÆR;1804
8097;GIVÆR;1804
8098;LANDEGODE;1804
8099;JAN MAYEN;2211
8100;MISVÆR;1804
8102;SKJERSTAD;1804
8103;BREIVIK I SALTEN;1804
8108;MISVÆR;1804
8110;MOLDJORD;1839
8114;TOLLÅ;1839
8118;MOLDJORD;1839
8120;NYGÅRDSJØEN;1838
8128;YTRE BEIARN;1839
8130;SANDHORNØY;1838
8135;SØRARNØY;1838
8136;NORDARNØY;1838
8138;INNDYR;1838
8140;INNDYR;1838
8145;STORVIK;1838
8146;REIPÅ;1837
8149;NEVERDAL;1837
8150;ØRNES;1837
8151;ØRNES;1837
8157;MELØY;1837
8158;BOLGA;1837
8159;STØTT;1837
8160;GLOMFJORD;1837
8161;GLOMFJORD;1837
8168;ENGAVÅGEN;1837
8170;ENGAVÅGEN;1837
8178;HALSA;1837
8181;MYKEN;1836
8182;MELFJORDBOTN;1836
8184;ÅGSKARDET;1837
8185;VÅGAHOLMEN;1836
8186;TJONGSFJORDEN;1836
8187;JEKTVIK;1836
8188;NORDVERNES;1836
8189;GJERSVIKGRENDA;1836
8190;SØRFJORDEN;1836
8193;RØDØY;1836
8195;GJERØY;1836
8196;SELSØYVIK;1836
8197;STORSELSØY;1836
8198;NORDNESØY;1836
8200;FAUSKE;1841
8201;FAUSKE;1841
8202;FAUSKE;1841
8203;FAUSKE;1841
8205;FAUSKE;1841
8206;FAUSKE;1841
8207;FAUSKE;1841
8208;FAUSKE;1841
8209;FAUSKE;1841
8210;FAUSKE;1841
8211;FAUSKE;1841
8214;FAUSKE;1841
8215;VALNESFJORD;1841
8218;FAUSKE;1841
8219;FAUSKE;1841
8220;RØSVIK;1845
8226;STRAUMEN;1845
8230;SULITJELMA;1841
8231;SULITJELMA;1841
8232;STRAUMEN;1845
8233;VALNESFJORD;1841
8250;ROGNAN;1840
8251;ROGNAN;1840
8255;RØKLAND;1840
8256;RØKLAND;1840
8260;INNHAVET;1849
8261;INNHAVET;1849
8264;ENGAN;1845
8266;MØRSVIKBOTN;1845
8270;DRAG;1850
8271;DRAG;1850
8273;NEVERVIK;1850
8274;MUSKEN;1850
8275;STORJORD I TYSFJORD;1850
8276;ULVSVÅG;1849
8278;STORÅ;1850
8281;LEINESFJORD;1848
8283;LEINESFJORD;1848
8285;LEINES;1848
8286;NORDFOLD;1848
8288;BOGØY;1848
8289;ENGELØYA;1848
8290;SKUTVIK;1849
8294;HAMARØY;1849
8297;TRANØY;1849
8298;HAMARØY;1849
8300;SVOLVÆR;1865
8301;SVOLVÆR;1865
8305;SVOLVÆR;1865
8309;KABELVÅG;1865
8310;KABELVÅG;1865
8311;HENNINGSVÆR;1865
8312;HENNINGSVÆR;1865
8313;KLEPPSTAD;1865
8314;GIMSØYSAND;1865
8315;LAUKVIK;1865
8316;LAUPSTAD;1865
8317;STRØNSTAD;1866
8320;SKROVA;1865
8322;BRETTESNES;1865
8323;STORFJELL;1865
8324;DIGERMULEN;1865
8325;TENGELFJORD;1866
8326;MYRLAND;1866
8328;STOREMOLLA;1865
8340;STAMSUND;1860
8352;SENNESVIK;1860
8357;VALBERG;1860
8360;BØSTAD;1860
8370;LEKNES;1860
8372;GRAVDAL;1860
8373;BALLSTAD;1860
8376;LEKNES;1860
8377;GRAVDAL;1860
8378;STAMSUND;1860
8380;RAMBERG;1859
8382;NAPP;1859
8384;SUND I LOFOTEN;1859
8387;FREDVANG;1859
8388;RAMBERG;1859
8390;REINE;1874
8392;SØRVÅGEN;1874
8393;SØRVÅGEN;1874
8398;REINE;1874
8400;SORTLAND;1870
8401;SORTLAND;1870
8402;SORTLAND;1870
8403;SORTLAND;1870
8404;SORTLAND;1870
8405;SORTLAND;1870
8406;SORTLAND;1870
8407;SORTLAND;1870
8408;SORTLAND;1868
8409;GULLESFJORD;1911
8410;LØDINGEN;1851
8411;LØDINGEN;1851
8412;VESTBYGD;1851
8413;KVITNES;1866
8414;HENNES;1866
8415;SORTLAND;1870
8416;SORTLAND;1870
8426;BARKESTAD;1868
8428;TUNSTAD;1868
8430;MYRE;1868
8432;ALSVÅG;1868
8438;STØ;1868
8439;MYRE;1868
8445;MELBU;1866
8447;LONKAN;1866
8450;STOKMARKNES;1866
8455;STOKMARKNES;1866
8459;MELBU;1866
8465;STRAUMSJØEN;1867
8469;BØ I VESTERÅLEN;1867
8470;BØ I VESTERÅLEN;1867
8475;STRAUMSJØEN;1867
8480;ANDENES;1871
8481;BLEIK;1871
8483;ANDENES;1871
8484;RISØYHAMN;1871
8485;DVERBERG;1871
8488;NØSS;1871
8489;NORDMELA;1871
8490;Melbu;1866
8491;Melbu postboksadr.;1866
8493;RISØYHAMN;1871
8501;NARVIK;1805
8502;NARVIK;1805
8503;NARVIK;1805
8504;NARVIK;1805
8505;NARVIK;1805
8506;NARVIK;1805
8507;NARVIK;1805
8508;NARVIK;1805
8509;NARVIK;1805
8510;NARVIK;1805
8512;NARVIK;1805
8513;ANKENES;1805
8514;NARVIK;1805
8515;NARVIK;1805
8516;NARVIK;1805
8517;NARVIK;1805
8518;NARVIK;1805
8520;ANKENES;1805
8522;BEISFJORD;1805
8523;ELVEGÅRD;1805
8530;BJERKVIK;1805
8531;BJERKVIK;1805
8533;BOGEN I OFOTEN;1853
8534;LILAND;1853
8535;TÅRSTAD;1853
8536;EVENES;1853
8539;BOGEN I OFOTEN;1853
8540;BALLANGEN;1854
8543;KJELDEBOTN;1854
8546;BALLANGEN;1854
8550;Lødingen;1851
8551;Lødingen postboksadr.;1851
8580;Øksneshamn;1851
8590;KJØPSVIK;1850
8591;KJØPSVIK;1850
8601;MO I RANA;1833
8602;MO I RANA;1833
8603;MO I RANA;1833
8604;MO I RANA;1833
8607;MO I RANA;1833
8608;MO I RANA;1833
8610;MO I RANA;1833
8613;MO I RANA;1833
8614;MO I RANA;1833
8615;SKONSENG;1833
8616;MO I RANA;1833
8617;DALSGRENDA;1833
8618;MO I RANA;1833
8622;MO I RANA;1833
8624;MO I RANA;1833
8626;MO I RANA;1833
8630;STORFORSHEI;1833
8634;MO I RANA;1833
8638;STORFORSHEI;1833
8640;HEMNESBERGET;1832
8641;HEMNESBERGET;1832
8642;FINNEIDFJORD;1832
8643;BJERKA;1832
8646;KORGEN;1832
8647;BLEIKVASSLIA;1832
8648;KORGEN;1832
8650;Mosjøen;1824
8651;MOSJØEN;1824
8652;MOSJØEN;1824
8654;MOSJØEN;1824
8655;MOSJØEN;1824
8656;MOSJØEN;1824
8657;MOSJØEN;1824
8658;MOSJØEN;1824
8659;MOSJØEN;1824
8660;MOSJØEN;1824
8661;MOSJØEN;1824
8663;MOSJØEN;1824
8664;MOSJØEN;1824
8665;MOSJØEN;1824
8666;MOSJØEN;1824
8672;ELSFJORD;1824
8680;TROFORS;1825
8681;TROFORS;1825
8690;HATTFJELLDAL;1826
8691;HATTFJELLDAL;1826
8700;NESNA;1828
8701;NESNA;1828
8720;VIKHOLMEN;1828
8723;HUSBY;1828
8724;SAURA;1828
8725;UTSKARPEN;1833
8730;BRATLAND;1834
8732;ALDRA;1834
8733;STUVLAND;1834
8735;STOKKVÅGEN;1834
8740;NORD-SOLVÆR;1834
8742;SELVÆR;1835
8743;INDRE KVARØY;1834
8750;TONNES;1834
8752;KONSVIKOSEN;1834
8753;KONSVIKOSEN;1834
8754;ØRESVIK;1836
8762;SLENESET;1834
8764;LOVUND;1834
8766;LURØY;1834
8767;LURØY;1834
8770;TRÆNA;1835
8800;SANDNESSJØEN;1820
8801;SANDNESSJØEN;1820
8802;SANDNESSJØEN;1820
8803;SANDNESSJØEN;1820
8804;SANDNESSJØEN;1820
8805;SANDNESSJØEN;1820
8809;SANDNESSJØEN;1820
8813;LØKTA;1827
8820;DØNNA;1827
8827;DØNNA;1827
8830;VANDVE;1827
8842;BRASØY;1818
8844;SANDVÆR;1818
8850;HERØY;1818
8851;HERØY;1818
8852;HERØY;1818
8854;AUSTBØ;1820
8860;TJØTTA;1820
8861;TJØTTA;1820
8865;TRO;1820
8870;VISTHUS;1816
8880;BÆRØYVÅGEN;1820
8890;LEIRFJORD;1822
8891;LEIRFJORD;1822
8892;SUNDØY;1822
8897;BARDAL;1822
8900;BRØNNØYSUND;1813
8901;BRØNNØYSUND;1813
8902;BRØNNØYSUND;1813
8904;BRØNNØYSUND;1813
8905;BRØNNØYSUND;1813
8906;BRØNNØYSUND;1813
8907;BRØNNØYSUND;1813
8908;BRØNNØYSUND;1813
8909;BRØNNØYSUND;1813
8910;BRØNNØYSUND;1813
8920;SØMNA;1812
8921;SØMNA;1812
8922;SØMNA;1812
8960;VELFJORD;1813
8961;VELFJORD;1813
8976;VEVELSTAD;1816
8980;VEGA;1815
8981;VEGA;1815
8985;YLVINGEN;1815
9000;Tromsø;1902
9002;Tromsø;1902
9006;TROMSØ;1902
9007;TROMSØ;1902
9008;TROMSØ;1902
9009;TROMSØ;1902
9010;TROMSØ;1902
9011;TROMSØ;1902
9012;TROMSØ;1902
9013;TROMSØ;1902
9014;TROMSØ;1902
9015;TROMSØ;1902
9016;TROMSØ;1902
9017;TROMSØ;1902
9018;TROMSØ;1902
9019;TROMSØ;1902
9020;TROMSDALEN;1902
9022;KROKELVDALEN;1902
9024;TOMASJORD;1902
9027;RAMFJORDBOTN;1902
9029;TROMSDALEN;1902
9030;SJURSNES;1902
9034;OLDERVIK;1902
9037;TROMSØ;1902
9038;TROMSØ;1902
9040;NORDKJOSBOTN;1933
9042;LAKSVATN;1933
9043;JØVIK;1902
9046;OTEREN;1939
9049;NORDKJOSBOTN;1933
9050;STORSTEINNES;1933
9055;MEISTERVIK;1933
9056;MORTENHALS;1933
9057;VIKRAN;1902
9059;STORSTEINNES;1933
9060;LYNGSEIDET;1938
9062;FURUFLATEN;1938
9064;SVENSBY;1938
9068;NORD-LENANGEN;1938
9069;LYNGSEIDET;1938
9090;Burfjord;1943
9100;KVALØYSLETTA;1902
9101;KVALØYSLETTA;1902
9102;KVALØYSLETTA;1902
9103;KVALØYA;1902
9104;KVALØYA;1902
9105;KVALØYA;1902
9106;STRAUMSBUKTA;1902
9107;KVALØYA;1902
9108;KVALØYA;1902
9110;SOMMARØY;1902
9118;BRENSHOLMEN;1902
9119;SOMMARØY;1902
9120;VENGSØY;1902
9128;TUSSØY;1902
9130;HANSNES;1936
9131;KÅRVIK;1902
9132;STAKKVIK;1936
9134;HANSNES;1936
9135;VANNVÅG;1936
9136;VANNAREID;1936
9137;VANNVÅG;1936
9138;KARLSØY;1936
9140;REBBENES;1936
9141;MJØLVIK;1902
9142;SKIBOTN;1939
9143;SKIBOTN;1939
9144;SAMUELSBERG;1940
9146;OLDERDALEN;1940
9147;BIRTAVARRE;1940
9148;OLDERDALEN;1940
9151;STORSLETT;1942
9152;SØRKJOSEN;1942
9153;ROTSUND;1942
9156;STORSLETT;1942
9159;HAVNNES;1942
9161;BURFJORD;1943
9162;SØRSTRAUMEN;1943
9163;JØKELFJORD;1943
9169;BURFJORD;1943
9170;LONGYEARBYEN;2111
9171;LONGYEARBYEN;2111
9173;NY-ÅLESUND;2111
9174;HOPEN;2131
9175;SVEAGRUVA;2111
9176;BJØRNØYA;2121
9178;BARENTSBURG;2111
9180;SKJERVØY;1941
9181;HAMNEIDET;1942
9182;SEGLVIK;1943
9184;REINFJORD;1943
9185;SPILDRA;1943
9186;ANDSNES;2014
9187;VALANHAMN;1943
9189;SKJERVØY;1941
9190;AKKARVIK;1941
9192;ARNØYHAMN;1941
9193;NIKKEBY;1941
9194;LAUKSLETTA;1941
9195;ÅRVIKSAND;1941
9197;ULØYBUKT;1941
9240;TROMSØ;1902
9251;TROMSØ;1902
9252;TROMSØ;1902
9253;TROMSØ;1902
9254;TROMSØ;1902
9255;TROMSØ;1902
9256;TROMSØ;1902
9257;TROMSØ;1902
9258;TROMSØ;1902
9259;TROMSØ;1902
9260;TROMSØ;1902
9261;TROMSØ;1902
9262;TROMSØ;1902
9263;TROMSØ;1902
9265;TROMSØ;1902
9266;TROMSØ;1902
9267;TROMSØ;1902
9268;TROMSØ;1902
9269;TROMSØ;1902
9270;TROMSØ;1902
9271;TROMSØ;1902
9272;TROMSØ;1902
9273;TROMSØ;1902
9274;TROMSØ;1902
9275;TROMSØ;1902
9276;TROMSØ;1902
9277;TROMSØ;1902
9278;TROMSØ;1902
9279;TROMSØ;1902
9280;TROMSØ;1902
9281;TROMSØ;1902
9282;TROMSØ;1902
9283;TROMSØ;1902
9284;TROMSØ;1902
9285;TROMSØ;1902
9286;TROMSØ;1902
9287;TROMSØ;1902
9288;TROMSØ;1902
9290;TROMSØ;1902
9291;TROMSØ;1902
9292;TROMSØ;1902
9293;TROMSØ;1902
9294;TROMSØ;1902
9296;TROMSØ;1902
9298;TROMSØ;1902
9299;TROMSØ;1902
9300;FINNSNES;1931
9302;ROSSFJORDSTRAUMEN;1931
9303;SILSAND;1931
9304;VANGSVIK;1927
9305;FINNSNES;1931
9306;FINNSNES;1931
9310;SØRREISA;1925
9311;BRØSTADBOTN;1926
9315;SØRREISA;1925
9316;BRØSTADBOTN;1926
9321;MOEN;1924
9322;KARLSTAD;1924
9325;BARDUFOSS;1924
9326;BARDUFOSS;1924
9329;MOEN;1924
9334;ØVERBYGD;1924
9335;ØVERBYGD;1924
9336;RUNDHAUG;1924
9350;SJØVEGAN;1923
9355;SJØVEGAN;1923
9357;TENNEVOLL;1920
9358;TENNEVOLL;1920
9360;BARDU;1922
9365;BARDU;1922
9370;SILSAND;1931
9372;GIBOSTAD;1931
9373;BOTNHAMN;1931
9376;SKATVIK;1927
9379;GRYLLEFJORD;1928
9380;GRYLLEFJORD;1928
9381;TORSKEN;1928
9382;GIBOSTAD;1931
9384;SKALAND;1929
9385;SKALAND;1929
9386;SENJAHOPEN;1929
9387;SENJAHOPEN;1929
9388;FJORDGARD;1931
9389;HUSØY I SENJA;1931
9391;STONGLANDSEIDET;1927
9392;STONGLANDSEIDET;1927
9393;FLAKSTADVÅG;1928
9395;KALDFARNES;1928
9400;Harstad;1903
9402;HARSTAD;1903
9403;HARSTAD;1903
9404;HARSTAD;1903
9405;HARSTAD;1903
9406;HARSTAD;1903
9407;HARSTAD;1903
9408;HARSTAD;1903
9409;HARSTAD;1903
9411;HARSTAD;1903
9414;HARSTAD;1903
9415;HARSTAD;1903
9419;SØRVIK;1903
9420;LUNDENES;1903
9423;GRØTAVÆR;1903
9424;KJØTTA;1903
9425;SANDSØY;1903
9426;BJARKØY;1903
9427;MELØYVÆR;1903
9430;SANDTORG;1903
9436;KONGSVIK;1852
9439;EVENSKJER;1913
9440;EVENSKJER;1913
9441;FJELLDAL;1852
9442;RAMSUND;1852
9443;MYKLEBOSTAD;1852
9444;HOL I TJELDSUND;1852
9445;TOVIK;1913
9446;GROVFJORD;1913
9447;GROVFJORD;1913
9448;RAMSUND;1852
9450;HAMNVIK;1917
9451;HAMNVIK;1917
9453;KRÅKRØHAMN;1917
9454;ÅNSTAD;1917
9455;ENGENES;1917
9470;GRATANGEN;1919
9471;GRATANGEN;1919
9475;BORKENES;1911
9476;BORKENES;1911
9479;HARSTAD;1903
9480;HARSTAD;1903
9481;HARSTAD;1903
9482;HARSTAD;1903
9483;HARSTAD;1903
9484;HARSTAD;1903
9485;HARSTAD;1903
9486;HARSTAD;1903
9487;HARSTAD;1903
9488;HARSTAD;1903
9489;HARSTAD;1903
9490;Risøyhamn;1871
9496;HARSTAD;1903
9497;HARSTAD;1903
9498;HARSTAD;1903
9500;Alta;2012
9501;ALTA;2012
9502;ALTA;2012
9503;ALTA;2012
9504;ALTA;2012
9505;ALTA;2012
9506;ALTA;2012
9507;ALTA;2012
9508;ALTA;2012
9509;ALTA;2012
9510;ALTA;2012
9511;ALTA;2012
9512;ALTA;2012
9513;ALTA;2012
9514;ALTA;2012
9515;ALTA;2012
9516;ALTA;2012
9517;ALTA;2012
9518;ALTA;2012
9519;KVIBY;2012
9520;KAUTOKEINO;2011
9521;KAUTOKEINO;2011
9525;MAZE;2011
9531;KVALFJORD;2012
9532;HAKKSTABBEN;2012
9533;KONGSHUS;2012
9536;KORSFJORDEN;2012
9540;TALVIK;2012
9545;LANGFJORDBOTN;2012
9550;ØKSFJORD;2014
9580;BERGSFJORD;2014
9582;NUVSVÅG;2014
9583;LANGFJORDHAMN;2014
9584;SØR-TVERRFJORD;2014
9585;SANDLAND;2014
9586;LOPPA;2014
9587;SKAVNAKK;2014
9590;HASVIK;2015
9593;BREIVIKBOTN;2015
9595;SØRVÆR;2015
9600;HAMMERFEST;2004
9609;NORDRE SEILAND;2004
9610;RYPEFJORD;2004
9615;HAMMERFEST;2004
9616;HAMMERFEST;2004
9620;KVALSUND;2017
9621;KVALSUND;2017
9624;REVSNESHAMN;2017
9650;AKKARFJORD;2004
9657;KÅRHAMN;2004
9664;SANDØYBOTN;2004
9670;TUFJORD;2018
9672;INGØY;2018
9690;HAVØYSUND;2018
9691;HAVØYSUND;2018
9692;MÅSØY;2018
9700;LAKSELV;2020
9709;PORSANGMOEN;2020
9710;INDRE BILLEFJORD;2020
9711;LAKSELV;2020
9712;LAKSELV;2020
9713;RUSSENES;2020
9714;SNEFJORD;2018
9715;KOKELV;2017
9716;BØRSELV;2020
9717;VEIDNESKLUBBEN;2022
9722;SKOGANVARRE;2020
9730;KARASJOK;2021
9735;KARASJOK;2021
9740;LEBESBY;2022
9742;KUNES;2022
9750;HONNINGSVÅG;2019
9751;HONNINGSVÅG;2019
9760;NORDVÅGEN;2019
9763;SKARSVÅG;2019
9764;NORDKAPP;2019
9765;GJESVÆR;2019
9768;REPVÅG;2019
9770;MEHAMN;2023
9771;SKJÅNES;2023
9772;LANGFJORDNES;2023
9773;NERVEI;2023
9775;GAMVIK;2023
9782;DYFJORD;2022
9790;KJØLLEFJORD;2022
9800;VADSØ;2003
9802;VESTRE JAKOBSELV;2003
9810;VESTRE JAKOBSELV;2003
9811;VADSØ;2003
9815;VADSØ;2003
9820;VARANGERBOTN;2027
9826;SIRMA;2025
9840;VARANGERBOTN;2027
9845;TANA;2025
9846;TANA;2025
9900;KIRKENES;2030
9901;Kirkenes postboksadr.;2030
9910;BJØRNEVATN;2030
9912;HESSENG;2030
9914;BJØRNEVATN;2030
9915;KIRKENES;2030
9916;HESSENG;2030
9917;KIRKENES;2030
9925;SVANVIK;2030
9930;NEIDEN;2030
9935;BUGØYNES;2030
9950;VARDØ;2002
9951;VARDØ;2002
9960;KIBERG;2002
9980;BERLEVÅG;2024
9981;BERLEVÅG;2024
9982;KONGSFJORD;2024
9990;BÅTSFJORD;2028
9991;BÅTSFJORD;2028
